id,quiz_id,question_id,question,options,correct_answer,explanation,order_index,created_at
081acab7-1783-4dcc-89dc-a20df708b86c,quran,q004,"Which Surah is known as the ""Heart of the Quran""?","[""Al-Fatiha"", ""Al-Baqarah"", ""Ya Sin"", ""Al-Ikhlas""]",2,"Ya Sin (Chapter 36) is often called the ""Heart of the Quran"" due to its profound spiritual significance.",4,2026-01-11 08:39:16.776638+00
0906f59b-546a-46e8-9b52-12a32b344bd2,quran,q33,Which Surah contains the verse of light (Ayat an-Nur)?,"[""An-Nur"", ""Al-Baqarah"", ""Al-Imran"", ""An-Nisa""]",0,Surah An-Nur contains the famous verse of light.,33,2025-12-01 04:42:04.645656+00
0a5eac0e-e11e-43d2-9a45-04dfcd2f71a9,quran,q005,In which language was the Quran revealed?,"[""Persian"", ""Arabic"", ""Urdu"", ""Turkish""]",1,"The Quran was revealed in Arabic, the language of the Prophet Muhammad (peace be upon him) and his people.",5,2026-01-11 08:39:16.776638+00
0bef97e4-6183-4b15-8694-69fd28442ced,quran,q038,"Which Surah begins with disconnected letters ""Ta Ha""?","[""Ta Ha"", ""Al-Baqarah"", ""Ya Sin"", ""Al-Furqan""]",0,"Surah Ta Ha (Chapter 20) begins with the disconnected letters ""Ta Ha"" and contains the story of Prophet Musa (Moses).",38,2026-01-11 08:39:16.776638+00
0ee9d474-9f41-48ef-b902-ba66d3fdbfca,quran,q039,What is the theme of Surah Al-Hujurat?,"[""Manners and etiquette"", ""Prayer"", ""Fasting"", ""Charity""]",0,"Surah Al-Hujurat (Chapter 49) focuses on manners, etiquette, and proper conduct, especially in dealing with the Prophet and fellow Muslims.",39,2026-01-11 08:39:16.776638+00
0f666a25-217f-4aba-8d2c-5fb9c2c7b1b6,quran,q19,Which Surah protects from the punishment of the grave?,"[""Al-Mulk"", ""Yaseen"", ""Al-Waqiah"", ""Ar-Rahman""]",0,Surah Al-Mulk protects from the punishment of the grave.,19,2025-12-01 04:41:33.819206+00
11a9d473-5f27-40d5-a330-8d47490e8e51,quran,q35,Which Surah is called the Surah of Mercy?,"[""Ar-Rahman"", ""Al-Fatiha"", ""Yaseen"", ""Al-Mulk""]",0,Surah Ar-Rahman is known as the Surah of Mercy.,35,2025-12-01 04:42:04.645656+00
129acec9-5c8e-4867-8bbe-cb5f4e36b0eb,quran,q015,What is the theme of Surah Al-Ikhlas?,"[""Patience"", ""Oneness of Allah"", ""Guidance"", ""Mercy""]",1,Surah Al-Ikhlas (The Sincerity) emphasizes the Oneness and Uniqueness of Allah (Tawheed).,15,2026-01-11 08:39:16.776638+00
1615205b-b397-4171-a88e-2babbdad4086,quran,q10,Which Surah is called the bride of the Quran?,"[""Ar-Rahman"", ""Yaseen"", ""Al-Mulk"", ""Al-Waqiah""]",0,Surah Ar-Rahman is known as the bride of the Quran.,10,2025-12-01 04:41:33.819206+00
188b461e-9a7a-4db3-a79d-fe5391964cd2,quran,q1,How many Surahs are in the Quran?,"[""100"", ""114"", ""120"", ""99""]",1,The Quran contains 114 Surahs (chapters).,1,2025-12-01 04:41:33.819206+00
24c7e9d3-ca24-43a0-8a83-fe0281ddc1a2,quran,q051,What is the significance of the first 5 verses of Surah Al-Alaq?,"[""First revelation"", ""About knowledge"", ""Command to read"", ""All of the above""]",3,"The first 5 verses of Surah Al-Alaq (96:1-5) were the very first revelation to Prophet Muhammad (peace be upon him), emphasizing reading and knowledge.",51,2026-01-11 08:39:16.776638+00
2608ae01-1581-43f6-93c9-bef4a286b372,quran,q5,How many times is Prophet Muhammad ﷺ mentioned by name in the Quran?,"[""2"", ""4"", ""7"", ""10""]",1,Prophet Muhammad ﷺ is mentioned by name 4 times in the Quran.,5,2025-12-01 04:41:33.819206+00
26267417-c2df-42c3-982f-90e20f6b86a5,quran,q028,In which Surah is the story of the People of the Cave (Ashab al-Kahf)?,"[""Al-Kahf"", ""Al-A'raf"", ""Al-An'am"", ""Al-Isra""]",0,"Surah Al-Kahf (Chapter 18) contains the story of the People of the Cave, a group of believing youth who sought refuge in a cave.",28,2026-01-11 08:39:16.776638+00
27fb5107-5a45-4f35-8f69-113ef614eba7,quran,q36,How many Surahs start with Alif Lam Mim?,"[""3"", ""5"", ""6"", ""7""]",2,Six Surahs start with the letters Alif Lam Mim.,36,2025-12-01 04:42:04.645656+00
2c4856f6-2573-44c2-8a40-107a31adc016,quran,q4,What is the first Surah revealed to Prophet Muhammad ﷺ?,"[""Al-Fatiha"", ""Al-Alaq"", ""Al-Muddaththir"", ""Al-Baqarah""]",1,Surah Al-Alaq (The Clot) was the first revelation.,4,2025-12-01 04:41:33.819206+00
2efeb43e-6e13-42ad-842a-541e6f8f0e35,quran,q022,"What does ""Bismillah"" mean?","[""In the name of Allah"", ""Allah is Great"", ""Praise be to Allah"", ""Allah is One""]",0,"""Bismillah ar-Rahman ar-Raheem"" means ""In the name of Allah, the Most Gracious, the Most Merciful.""",22,2026-01-11 08:39:16.776638+00
30e19d70-1fc3-4873-b6ff-b94807cc28c2,quran,q003,"How many Ayahs (verses) are in the longest Surah, Al-Baqarah?","[""256"", ""286"", ""300"", ""250""]",1,"Al-Baqarah (The Cow) contains 286 verses, making it the longest Surah in the Quran.",3,2026-01-11 08:39:16.776638+00
34f2ab84-2eff-44ea-8bf3-4c13f7a325d4,quran,q16,"How many times is the word ""Allah"" mentioned in the Quran?","[""1,000"", ""2,000"", ""2,698"", ""3,000""]",2,"The word ""Allah"" appears 2,698 times in the Quran.",16,2025-12-01 04:41:33.819206+00
36bde9f4-252d-41ae-8a0c-9972025ec51c,quran,q041,"What does ""Insha'Allah"" mean?","[""If Allah wills"", ""Allah willing"", ""By Allah's permission"", ""All of the above""]",3,"""Insha'Allah"" means ""If Allah wills"" or ""Allah willing"" and is used when speaking about future events, recognizing that all outcomes are by Allah's will.",41,2026-01-11 08:39:16.776638+00
38bd2a81-f48b-4f8c-bbdc-61defbca06e4,quran,q002,"Which Surah is known as the ""Opening"" of the Quran?","[""Al-Baqarah"", ""Al-Fatiha"", ""Al-Ikhlas"", ""Al-Nas""]",1,Al-Fatiha (The Opening) is the first Surah of the Quran and is recited in every prayer.,2,2026-01-11 08:39:16.776638+00
3c147b94-8551-4275-8598-6dd792432430,quran,q39,Which Surah is equal to one-third of the Quran?,"[""Al-Fatiha"", ""Al-Ikhlas"", ""Yaseen"", ""Al-Mulk""]",1,Surah Al-Ikhlas is equal to one-third of the Quran in reward.,39,2025-12-01 04:42:04.645656+00
3e7e4356-bf74-4450-88d0-3aea3604d89a,quran,q15,Which Surah mentions the story of Prophet Yusuf?,"[""Yusuf"", ""Maryam"", ""Ibrahim"", ""Nuh""]",0,Surah Yusuf tells the complete story of Prophet Yusuf.,15,2025-12-01 04:41:33.819206+00
3f31c8c3-0108-49ee-974b-08688d32bcf3,quran,q040,Which Surah is recited on Fridays?,"[""Al-Kahf"", ""Al-Fatiha"", ""Ya Sin"", ""Al-Mulk""]",0,"It is recommended to recite Surah Al-Kahf on Fridays, as it brings blessings and light between the two Fridays.",40,2026-01-11 08:39:16.776638+00
45ba18f2-b6f0-4a0d-ba74-9e7de8e1fad3,quran,q029,"What does ""Al-Hamd"" mean?","[""Gratitude"", ""All praise"", ""Thanks"", ""Blessing""]",1,"""Al-Hamdu Lillah"" means ""All praise is due to Allah,"" expressing gratitude and recognition of Allah's blessings.",29,2026-01-11 08:39:16.776638+00
47255d98-a04b-4d67-ae7b-798dbbb5c14d,quran,q14,"What does ""Quran"" mean?","[""The Book"", ""The Recitation"", ""The Guidance"", ""The Light""]",1,"Quran means ""The Recitation"" in Arabic.",14,2025-12-01 04:41:33.819206+00
487f5206-3fa8-4ac3-967c-f408341d4dc2,quran,q25,Which Surah mentions both the beginning and end of creation?,"[""Al-Hajj"", ""Yaseen"", ""Al-Waqiah"", ""Al-Qiyamah""]",0,Surah Al-Hajj discusses both creation and resurrection.,25,2025-12-01 04:42:04.645656+00
4886352e-3ece-4370-86cf-7aafc3426925,quran,q024,What is the main theme of Surah Al-Asr?,"[""Time and humanity"", ""Patience"", ""Gratitude"", ""Worship""]",0,"Surah Al-Asr (Chapter 103) emphasizes that humanity is in loss except those who have faith, do good, and advise one another to truth and patience.",24,2026-01-11 08:39:16.776638+00
4cd63a19-24c2-4e8f-b386-00e6a9f47c23,quran,q013,How many Juz (parts) is the Quran divided into?,"[""20"", ""25"", ""30"", ""35""]",2,"The Quran is divided into 30 Juz (parts) to facilitate recitation over a month, especially during Ramadan.",13,2026-01-11 08:39:16.776638+00
4dc8b5c7-023b-4b67-9dfd-45a23f2425cc,quran,q32,"How many times is the word ""Nar"" (Fire) mentioned?","[""126"", ""145"", ""147"", ""150""]",1,The word Nar (Fire/Hell) is mentioned 145 times.,32,2025-12-01 04:42:04.645656+00
4fdb2c6d-7e8b-408d-ab4f-c51c911a81ae,quran,q6,How many verses are in the Quran?,"[""6,236"", ""6,666"", ""7,000"", ""5,555""]",0,"The Quran contains approximately 6,236 verses.",6,2025-12-01 04:41:33.819206+00
51e4ee60-c8c9-462b-9817-df0c94dc5c78,quran,q012,Which Surah is named after a woman?,"[""Maryam"", ""Aali Imran"", ""Al-Nisa"", ""Al-Mumtahanah""]",0,"Surah Maryam (Chapter 19) is named after Mary, the mother of Jesus (peace be upon them both).",12,2026-01-11 08:39:16.776638+00
5473e748-908f-4c2f-966f-1e7f5c5f4349,quran,q037,"How many times is the word ""Allah"" mentioned in the Quran?","[""About 2,500 times"", ""About 2,700 times"", ""About 3,000 times"", ""Exactly 2,698 times""]",1,"The name ""Allah"" appears approximately 2,700 times in the Quran, making it the most frequently mentioned word.",37,2026-01-11 08:39:16.776638+00
5a2a3035-a3aa-49e4-9a60-b83b1c970d3c,quran,q018,What are the first and last words revealed in the Quran?,"[""\""Read\"" and \""Today\"""", ""\""Bismillah\"" and \""Inna\"""", ""\""Iqra\"" and \""Al-Nasr\"""", ""\""Alif\"" and \""Nas\""""]",0,"The first word was ""Iqra"" (Read) from Surah Al-Alaq, and among the last was ""Al-Yawm"" (Today) from Surah Al-Maidah.",18,2026-01-11 08:39:16.776638+00
5ae5c858-3eac-480c-ac76-19744abf6b55,quran,q052,"Which Surah is known as ""The Event"" or ""The Inevitable""?","[""Al-Waqi'ah"", ""Al-Qiyamah"", ""Al-Naba"", ""Al-Haqqah""]",0,"Surah Al-Waqi'ah (Chapter 56) is called ""The Event"" and describes the Day of Judgment and its three groups of people.",52,2026-01-11 08:39:16.776638+00
5f41a2d6-f7ec-43b5-b436-ff46189844b8,quran,q40,How many Surahs are named after prophets?,"[""5"", ""6"", ""7"", ""8""]",1,Six Surahs are named after prophets.,40,2025-12-01 04:42:04.645656+00
609a2f51-4923-4f03-a89f-45b0b5de3bb4,quran,q030,Which Surah is recited for protection from evil eye?,"[""Al-Fatiha"", ""Al-Ikhlas, Al-Falaq, Al-Nas"", ""Ya Sin"", ""Al-Mulk""]",1,"The last three Surahs (Al-Ikhlas, Al-Falaq, Al-Nas) are recited together for protection, including from the evil eye.",30,2026-01-11 08:39:16.776638+00
6422d35c-7730-439d-859b-42546da5ff3d,quran,q8,What is the shortest Surah in the Quran?,"[""Al-Asr"", ""Al-Kawthar"", ""Al-Ikhlas"", ""An-Nasr""]",1,Surah Al-Kawthar is the shortest with only 3 verses.,8,2025-12-01 04:41:33.819206+00
6547214a-e70f-4021-b79b-bca511fa86c5,quran,q11,In which language was the Quran revealed?,"[""Hebrew"", ""Aramaic"", ""Arabic"", ""Persian""]",2,The Quran was revealed in Arabic.,11,2025-12-01 04:41:33.819206+00
6b473943-2900-4131-9ff0-ce60337f96a5,quran,q17,Which Surah is recommended to recite on Friday?,"[""Al-Mulk"", ""Al-Kahf"", ""Yaseen"", ""Ar-Rahman""]",1,It is recommended to recite Surah Al-Kahf on Fridays.,17,2025-12-01 04:41:33.819206+00
6c3e4625-135a-4f13-82b0-282392f92174,quran,q3,Which Surah is known as the heart of the Quran?,"[""Al-Fatiha"", ""Yaseen"", ""Al-Mulk"", ""Ar-Rahman""]",1,Surah Yaseen is often referred to as the heart of the Quran.,3,2025-12-01 04:41:33.819206+00
6dc18404-9fe6-4d40-ad30-72df5036467e,quran,q019,Which Surah contains Ayat al-Kursi (Verse of the Throne)?,"[""Al-Fatiha"", ""Al-Baqarah"", ""Aali Imran"", ""Al-Nisa""]",1,Ayat al-Kursi (2:255) is in Surah Al-Baqarah and describes the greatness and power of Allah.,19,2026-01-11 08:39:16.776638+00
6e6fc163-35a7-472b-8f17-ac7ef2c2638f,quran,q2,What is the longest Surah in the Quran?,"[""Al-Fatiha"", ""Al-Baqarah"", ""Yaseen"", ""Al-Kahf""]",1,Surah Al-Baqarah is the longest Surah with 286 verses.,2,2025-12-01 04:41:33.819206+00
75d66e16-58db-4635-a43d-435051e65fe5,quran,q049,What is the theme of Surah Al-Ma'un?,"[""Small kindnesses"", ""Prayer and charity"", ""Hypocrisy in worship"", ""All of the above""]",3,"Surah Al-Ma'un (Chapter 107) warns against hypocrisy, showing off in prayer, and refusing small acts of kindness.",49,2026-01-11 08:39:16.776638+00
78f1777f-be68-4059-81ac-f926fb02eb9e,quran,q31,Which Surah is named after a woman?,"[""Maryam"", ""Fatimah"", ""Aisha"", ""Khadijah""]",0,"Surah Maryam is named after Mary, mother of Jesus.",31,2025-12-01 04:42:04.645656+00
7d35971c-75f6-487b-be76-9c404efd0957,quran,q044,"Which Surah is known as ""The Prophets""?","[""Al-Anbiya"", ""Al-A'raf"", ""Al-An'am"", ""Al-Mulk""]",0,"Surah Al-Anbiya (Chapter 21) is called ""The Prophets"" and mentions many prophets and their stories.",44,2026-01-11 08:39:16.776638+00
7f9a4cdb-5458-4170-bc65-4293f9a9f3cf,quran,q30,What is the longest verse in the Quran?,"[""Ayat al-Kursi"", ""Ayat al-Dayn"", ""First verse of Al-Baqarah"", ""Last verse of At-Tawbah""]",1,Ayat al-Dayn (verse of debt) in Al-Baqarah 2:282 is the longest verse.,30,2025-12-01 04:42:04.645656+00
804e1773-0b0f-4f2b-81c3-5ce7efc1af18,quran,q24,How many Sajdah verses are in the Quran?,"[""10"", ""14"", ""15"", ""20""]",1,There are 14 or 15 Sajdah verses depending on the school of thought.,24,2025-12-01 04:42:04.645656+00
81ac6322-8b95-4df3-9d3b-b2381a9f8c77,quran,q18,What is the last Surah revealed?,"[""An-Nasr"", ""Al-Asr"", ""Al-Ikhlas"", ""Al-Falaq""]",0,Surah An-Nasr was the last complete Surah revealed.,18,2025-12-01 04:41:33.819206+00
854e6441-e379-4563-87f2-4bebead2171d,quran,q011,"What does ""Al-Quran"" mean?","[""The Book"", ""The Recitation"", ""The Guidance"", ""The Light""]",1,"Al-Quran means ""The Recitation"" or ""That which is recited,"" emphasizing its oral transmission and recitation.",11,2026-01-11 08:39:16.776638+00
86d3683a-a16d-4fd7-b20a-e05cba7344f3,quran,q020,How many Makkan and Madinan Surahs are there?,"[""86 Makkan, 28 Madinan"", ""90 Makkan, 24 Madinan"", ""88 Makkan, 26 Madinan"", ""85 Makkan, 29 Madinan""]",0,86 Surahs were revealed in Makkah (before migration) and 28 in Madinah (after migration).,20,2026-01-11 08:39:16.776638+00
0050692a-f632-4d0f-8e0e-71a7fbda4a83,seerah,s25,How old was the Prophet ﷺ when he married Khadijah?,"[""20"", ""25"", ""30"", ""35""]",1,The Prophet ﷺ was 25 years old when he married Khadijah.,25,2025-12-01 04:42:40.704465+00
00bdf9fe-e1aa-42f2-ba73-ed66135d7ce8,seerah,q031,In which place did the Prophet deliver his Farewell Sermon?,"[""Mount Arafat"", ""Mount Uhud"", ""Kaaba"", ""Masjid al-Nabawi""]",0,The Prophet delivered his Farewell Sermon (Khutbah al-Wada') on Mount Arafat during his final Hajj in 632 CE.,31,2026-01-11 08:39:16.776638+00
028f2b90-dba8-49de-83b3-889d7ac7a856,seerah,q042,What was the name of the Prophet's she-camel on the Night Journey?,"[""Al-Qaswa"", ""Al-Buraq"", ""Al-Adha"", ""Al-Naqa""]",1,Al-Buraq was the celestial steed that carried the Prophet from Mecca to Jerusalem during the Isra (Night Journey).,42,2026-01-11 08:39:16.776638+00
04464a0f-be67-4dac-9a8f-a4a794210a6f,seerah,q001,In which year was Prophet Muhammad (peace be upon him) born?,"[""570 CE"", ""571 CE"", ""572 CE"", ""569 CE""]",0,"Prophet Muhammad (peace be upon him) was born in the Year of the Elephant, corresponding to 570 CE in Mecca.",1,2026-01-11 08:39:16.776638+00
0472dfe8-0b0f-4230-8c44-43cecc5b55f2,seerah,q022,What was the name of the document that established the first Islamic state in Madinah?,"[""Constitution of Madinah"", ""Treaty of Madinah"", ""Charter of Madinah"", ""All of the above""]",3,"The Constitution of Madinah (also called the Charter or Treaty) established rights and responsibilities for all citizens, Muslims and non-Muslims alike.",22,2026-01-11 08:39:16.776638+00
072933fa-1620-4679-9927-34f0933edda4,seerah,q008,How many years did the Prophet (peace be upon him) preach Islam in Mecca before Hijrah?,"[""10 years"", ""13 years"", ""15 years"", ""12 years""]",1,"The Prophet preached Islam in Mecca for 13 years before migrating to Madinah, where he spent the remaining 10 years of his life.",8,2026-01-11 08:39:16.776638+00
07bafa7e-7415-40fd-93fd-96d8485da89d,seerah,s6,What was the Prophet's ﷺ father's name?,"[""Abdullah"", ""Abu Talib"", ""Abdul Muttalib"", ""Abu Lahab""]",0,The Prophet's father was Abdullah ibn Abdul Muttalib.,6,2025-12-01 04:42:40.704465+00
09cab634-31ce-45f9-a84e-016e9fe2c8b6,seerah,q009,What was the name of Prophet Muhammad's (peace be upon him) wet nurse?,"[""Halimah"", ""Aminah"", ""Khadijah"", ""Umm Ayman""]",0,Halimah al-Sa'diyyah was the Prophet's wet nurse. He spent his early childhood with her and her family in the desert.,9,2026-01-11 08:39:16.776638+00
0b139da7-4647-4235-8c21-3591e89514c8,seerah,s12,What year did the Hijrah occur?,"[""610 CE"", ""622 CE"", ""630 CE"", ""632 CE""]",1,The Hijrah occurred in 622 CE.,12,2025-12-01 04:42:40.704465+00
0e409967-881d-4ccd-b50b-3f03d6b400d5,seerah,q036,What was the name of the first person to publicly declare Islam in Mecca?,"[""Abu Bakr"", ""Hamzah"", ""Umar"", ""Ammar ibn Yasir""]",0,Abu Bakr was among the first to accept Islam and was known for publicly declaring his faith despite persecution.,36,2026-01-11 08:39:16.776638+00
0e507a03-a763-4fc4-ba50-87fb37a8ed9a,seerah,q025,"Which companion was known as ""The Sword of Allah""?","[""Khalid ibn al-Walid"", ""Sa'd ibn Abi Waqqas"", ""Abu Ubaydah"", ""Amr ibn al-As""]",0,"Khalid ibn al-Walid (may Allah be pleased with him) was given the title ""Saifullah"" (Sword of Allah) for his exceptional military leadership.",25,2026-01-11 08:39:16.776638+00
1642441f-3307-4231-85a4-75402fcc2c6f,seerah,q035,How many times did the Prophet perform Hajj?,"[""Once"", ""Twice"", ""Three times"", ""Four times""]",0,"Prophet Muhammad (peace be upon him) performed Hajj only once, in 632 CE, which was his Farewell Hajj.",35,2026-01-11 08:39:16.776638+00
17f536c4-b82c-4dc2-8dd2-97767d810abe,seerah,s13,How many children did the Prophet ﷺ have?,"[""5"", ""6"", ""7"", ""8""]",2,The Prophet ﷺ had 7 children: 3 sons and 4 daughters.,13,2025-12-01 04:42:40.704465+00
1b9b1656-52cd-4882-9332-32336d0a8ac7,seerah,s17,What was the name of the Prophet's ﷺ horse?,"[""Buraq"", ""Sakb"", ""Qaswa"", ""Duldul""]",1,The Prophet's horse was named Sakb.,17,2025-12-01 04:42:40.704465+00
1c9a6d16-ccc5-4b87-a1cd-b166353a0dcb,seerah,q007,What was the name of the cave where the first revelation came?,"[""Cave of Thawr"", ""Cave of Hira"", ""Cave of Uhud"", ""Cave of Badr""]",1,The Cave of Hira (also called Jabal al-Nur) on Mount Hira near Mecca is where the first revelation came to the Prophet.,7,2026-01-11 08:39:16.776638+00
1ccb5b2c-47cc-4733-825f-1f93c9c4645f,seerah,q017,How many years did Prophet Muhammad (peace be upon him) spend in Madinah?,"[""8 years"", ""10 years"", ""12 years"", ""13 years""]",1,"Prophet Muhammad (peace be upon him) spent 10 years in Madinah after the Hijrah, from 622 CE until his passing in 632 CE.",17,2026-01-11 08:39:16.776638+00
2afa6c28-d0ed-44cb-997a-1fc7a549f9a4,seerah,s1,In which city was Prophet Muhammad ﷺ born?,"[""Madinah"", ""Makkah"", ""Taif"", ""Jerusalem""]",1,Prophet Muhammad ﷺ was born in Makkah in 570 CE.,1,2025-12-01 04:42:40.704465+00
2e41015f-cd78-4cf9-8b75-3a66ba43a98d,seerah,q005,"Which year is known as the ""Year of Sorrow""?","[""619 CE"", ""620 CE"", ""621 CE"", ""622 CE""]",0,"619 CE is called the ""Year of Sorrow"" because both Khadijah (the Prophet's wife) and Abu Talib (his uncle and protector) passed away.",5,2026-01-11 08:39:16.776638+00
2e93e23b-35fe-4b8f-b411-a1f6527c5712,seerah,q033,Who was the Prophet's grandfather who raised him?,"[""Abdullah"", ""Abu Talib"", ""Abdul-Muttalib"", ""Hashim""]",2,"Abdul-Muttalib, the Prophet's grandfather, took care of him after his mother's death until he passed away when the Prophet was 8.",33,2026-01-11 08:39:16.776638+00
30570d38-125b-41eb-b3e4-cf0582ef858b,seerah,q019,Who was the first person to give Adhan (call to prayer)?,"[""Bilal ibn Rabah"", ""Umar ibn al-Khattab"", ""Abu Bakr"", ""Abu Dharr""]",0,"Bilal ibn Rabah (may Allah be pleased with him) was the first muezzin (caller to prayer) in Islam, known for his beautiful voice.",19,2026-01-11 08:39:16.776638+00
36df80f2-6f99-40df-a595-a7170e94f8c0,seerah,s3,How old was the Prophet ﷺ when he received the first revelation?,"[""30"", ""35"", ""40"", ""45""]",2,Prophet Muhammad ﷺ was 40 years old when he received the first revelation.,3,2025-12-01 04:42:40.704465+00
3a2702d4-cce0-4f4e-a949-c187a7f5d378,seerah,s18,Who was the Prophet's ﷺ closest companion?,"[""Umar"", ""Uthman"", ""Abu Bakr"", ""Ali""]",2,Abu Bakr was the Prophet's closest companion.,18,2025-12-01 04:42:40.704465+00
3c671530-2b93-48c9-b7e9-5f181cd668c3,seerah,s11,How many years did the Prophet ﷺ preach in Makkah?,"[""10"", ""13"", ""15"", ""20""]",1,The Prophet ﷺ preached in Makkah for 13 years.,11,2025-12-01 04:42:40.704465+00
3cdf069e-440a-4ce1-8635-162ccaba20fc,seerah,q027,Who was the last person to see the Prophet (peace be upon him) before his passing?,"[""Aishah"", ""Abu Bakr"", ""Umar"", ""Ali""]",0,"Aishah (may Allah be pleased with her), the Prophet's wife, was the last person to see him before his passing, as he passed away in her room.",27,2026-01-11 08:39:16.776638+00
42caba39-b4f7-48b8-b0b1-a30f918e621b,seerah,q016,What was the name of the mountain where the Prophet and Abu Bakr took refuge during Hijrah?,"[""Mount Hira"", ""Mount Uhud"", ""Mount Thawr"", ""Mount Arafat""]",2,"Mount Thawr is where the Prophet and Abu Bakr took refuge for three days during their migration to Madinah, with a spider's web and pigeons protecting them.",16,2026-01-11 08:39:16.776638+00
44d2373f-41a6-4627-ad53-cf37772cc5df,seerah,q044,What was the name of the first mosque where the Prophet led Friday prayer in Madinah?,"[""Masjid Quba"", ""Masjid al-Nabawi"", ""Masjid Qiblatayn"", ""Masjid al-Noor""]",1,Masjid al-Nabawi (The Prophet's Mosque) was where the first Friday prayer in Madinah was led by the Prophet.,44,2026-01-11 08:39:16.776638+00
47e076f3-215a-405e-b039-0ba659bd4e63,seerah,s7,Who was the Prophet's ﷺ wet nurse?,"[""Aminah"", ""Halimah"", ""Fatimah"", ""Khadijah""]",1,Halimah al-Sadiyyah was the Prophet's wet nurse.,7,2025-12-01 04:42:40.704465+00
483211b5-4d3a-4861-99ab-18dd6545fba1,seerah,q047,Who was the first person to compile the Quran into a book?,"[""Abu Bakr"", ""Umar"", ""Uthman"", ""Zayd ibn Thabit""]",0,"Under Abu Bakr's caliphate, Zayd ibn Thabit compiled the Quran into a single book (Mushaf) after many memorizers were martyred.",47,2026-01-11 08:39:16.776638+00
4bf9495e-6dc9-4609-ad09-e1f544942a81,seerah,q003,Who was the first person to accept Islam?,"[""Abu Bakr"", ""Khadijah"", ""Ali"", ""Zayd""]",1,"Khadijah (may Allah be pleased with her), the Prophet's wife, was the first person to accept Islam and believe in his prophethood.",3,2026-01-11 08:39:16.776638+00
4ca3ce65-3cdf-43e6-acbb-9806c4bbf7fa,seerah,s27,Who was the Prophet's uncle who protected him?,"[""Abu Lahab"", ""Abu Talib"", ""Abbas"", ""Hamza""]",1,Abu Talib was the uncle who protected the Prophet ﷺ.,27,2025-12-01 04:42:40.704465+00
5343af4b-3037-4d8b-80b8-550d82dba7a9,seerah,q038,What was the name of the event where the Prophet was taken to Jerusalem and then to the heavens?,"[""Hijrah"", ""Mi'raj"", ""Isra"", ""Isra and Mi'raj""]",3,Isra and Mi'raj (Night Journey and Ascension) was when the Prophet was taken from Mecca to Jerusalem (Isra) and then to the heavens (Mi'raj).,38,2026-01-11 08:39:16.776638+00
5cccee80-f3bc-4b8f-b388-5d3f859d23e1,seerah,q046,What was the name of the year when Muslims were boycotted by the Quraysh?,"[""Year of Sorrow"", ""Year of Boycott"", ""Year of the Elephant"", ""Year of Grief""]",1,"The ""Year of Boycott"" (617-619 CE) refers to the economic and social boycott imposed on the Prophet's clan by the Quraysh.",46,2026-01-11 08:39:16.776638+00
5dcee147-008d-4568-8706-b9af9829fc92,seerah,q015,In which year did the Conquest of Mecca take place?,"[""628 CE"", ""629 CE"", ""630 CE"", ""631 CE""]",2,"The Conquest of Mecca took place in 630 CE (8 AH), when Muslims peacefully entered Mecca and removed the idols from the Kaaba.",15,2026-01-11 08:39:16.776638+00
5f79a483-f4fd-44f0-a672-95a0b5877daf,seerah,s28,What was the name of the Prophet's daughter who married Ali?,"[""Zainab"", ""Ruqayyah"", ""Umm Kulthum"", ""Fatimah""]",3,Fatimah married Ali ibn Abi Talib.,28,2025-12-01 04:42:40.704465+00
68b31c02-b455-4f85-86a5-e4512d661bbc,seerah,q023,How old was Prophet Muhammad (peace be upon him) when he passed away?,"[""60 years"", ""61 years"", ""62 years"", ""63 years""]",3,Prophet Muhammad (peace be upon him) passed away at the age of 63 in 632 CE (11 AH) in Madinah.,23,2026-01-11 08:39:16.776638+00
6a187265-cd77-4926-82cb-1f75660ee6d6,seerah,q032,What was the name of the Prophet's father?,"[""Abdullah"", ""Abu Talib"", ""Abdul-Muttalib"", ""Hashim""]",0,"The Prophet's father was Abdullah ibn Abdul-Muttalib, who passed away before the Prophet was born.",32,2026-01-11 08:39:16.776638+00
6a330ecd-4222-4dca-b0cd-3566883b8aef,seerah,q024,What was the name of the Prophet's she-camel?,"[""Al-Qaswa"", ""Al-Adha"", ""Al-Buraq"", ""Al-Naqa""]",0,Al-Qaswa was the name of the Prophet's she-camel that he rode during the Hijrah and other journeys.,24,2026-01-11 08:39:16.776638+00
6bea8839-441c-4935-80ce-c9b31e98fb98,seerah,s8,At what age did the Prophet ﷺ lose his mother?,"[""4"", ""6"", ""8"", ""10""]",1,The Prophet ﷺ was 6 years old when his mother Aminah passed away.,8,2025-12-01 04:42:40.704465+00
6cf22ba8-28f8-4818-b34b-5f5efffb5223,seerah,s2,What was the Prophet's ﷺ occupation before prophethood?,"[""Farmer"", ""Merchant"", ""Teacher"", ""Soldier""]",1,The Prophet ﷺ was known as a trustworthy merchant.,2,2025-12-01 04:42:40.704465+00
6f2c0a7b-4243-402e-b707-71741759ec1a,seerah,q018,What was the first mosque built in Islam?,"[""Al-Masjid al-Haram"", ""Masjid al-Nabawi"", ""Masjid Quba"", ""Masjid al-Aqsa""]",2,"Masjid Quba was the first mosque built in Islam, constructed by the Prophet upon his arrival in Madinah during the Hijrah.",18,2026-01-11 08:39:16.776638+00
6f4820e8-9332-4e3e-b65e-4f0c549feda5,seerah,s14,What was the name of the Prophet's ﷺ first son?,"[""Ibrahim"", ""Qasim"", ""Abdullah"", ""Ali""]",1,Qasim was the Prophet's first son.,14,2025-12-01 04:42:40.704465+00
70516ed6-8cd5-4d6f-bdb6-2574e6b12ffb,seerah,q020,What was the name of the event where the Prophet met with the Ansar (Helpers) of Madinah?,"[""First Pledge of Aqabah"", ""Second Pledge of Aqabah"", ""Pledge of Ridwan"", ""Pledge of Hudaybiyyah""]",1,"The Second Pledge of Aqabah (621 CE) was when 73 Muslims from Madinah pledged to support and protect the Prophet, leading to the Hijrah.",20,2026-01-11 08:39:16.776638+00
746da0fd-8803-4206-96d2-c46a9c25da62,seerah,s22,Who was the first male to accept Islam?,"[""Abu Bakr"", ""Ali"", ""Umar"", ""Uthman""]",1,Ali ibn Abi Talib was the first male to accept Islam.,22,2025-12-01 04:42:40.704465+00
7505f1d6-2fa0-4b0b-9c85-3cc8cf1458b0,seerah,q011,"Who was known as ""Al-Siddiq"" (The Truthful)?","[""Umar ibn al-Khattab"", ""Abu Bakr al-Siddiq"", ""Uthman ibn Affan"", ""Ali ibn Abi Talib""]",1,"Abu Bakr (may Allah be pleased with him) was given the title ""Al-Siddiq"" (The Truthful) because he immediately believed in the Prophet's Night Journey.",11,2026-01-11 08:39:16.776638+00
789c1ed6-7a4d-4eb2-944d-96cfd493ca69,seerah,q028,What was the name of the battle fought in a trench?,"[""Battle of Badr"", ""Battle of Uhud"", ""Battle of Khandaq (Trench)"", ""Battle of Hunayn""]",2,"The Battle of Khandaq (Trench), also called the Battle of Ahzab (627 CE), was when Muslims dug a trench around Madinah for defense.",28,2026-01-11 08:39:16.776638+00
792383c8-cc56-40d8-b719-10309fad74da,seerah,q029,Who suggested digging the trench in the Battle of Khandaq?,"[""Abu Bakr"", ""Umar"", ""Salman al-Farsi"", ""Ammar ibn Yasir""]",2,"Salman al-Farsi (may Allah be pleased with him) suggested digging a trench around Madinah, a strategy he had seen in Persia.",29,2026-01-11 08:39:16.776638+00
7e6fa797-a072-4eff-8255-966a8c295200,seerah,s10,What was the Prophet ﷺ known as before prophethood?,"[""Al-Amin"", ""Al-Sadiq"", ""Both A and B"", ""Al-Karim""]",2,He was known as Al-Amin (the trustworthy) and Al-Sadiq (the truthful).,10,2025-12-01 04:42:40.704465+00
8227f0e4-abfc-4aca-a9e7-afb5006e53cb,seerah,q004,How old was Prophet Muhammad (peace be upon him) when he received the first revelation?,"[""38 years"", ""40 years"", ""42 years"", ""45 years""]",1,Prophet Muhammad (peace be upon him) was 40 years old when he received the first revelation in the Cave of Hira.,4,2026-01-11 08:39:16.776638+00
86d2a9e5-59d9-472b-87ac-f78f07e233f8,seerah,s30,What was the miracle journey called?,"[""Hijrah"", ""Isra and Miraj"", ""Conquest"", ""Pledge""]",1,The night journey was called Isra and Miraj.,30,2025-12-01 04:42:40.704465+00
8ade544e-cc53-41f8-a68b-73a9a8f51bb3,seerah,s29,How many daughters did the Prophet ﷺ have?,"[""2"", ""3"", ""4"", ""5""]",2,The Prophet ﷺ had 4 daughters.,29,2025-12-01 04:42:40.704465+00
028dddfc-73bf-4ef1-805c-e8cca2e2f1b9,history,h16,Who was the first martyr in Islam?,"[""Hamza"", ""Sumayya"", ""Yasir"", ""Bilal""]",1,Sumayya bint Khayyat was the first martyr in Islam.,16,2025-12-01 04:43:11.615852+00
1691b985-31a3-4e3f-bdf6-16831ee4d99c,history,h10,Who was the fourth Caliph?,"[""Abu Bakr"", ""Umar"", ""Uthman"", ""Ali ibn Abi Talib""]",3,Ali ibn Abi Talib was the fourth Caliph.,10,2025-12-01 04:43:11.615852+00
19255ddc-be1d-4dde-b48d-2bbbbdcd312a,history,h18,Who was the first muezzin in Islam?,"[""Umar"", ""Ali"", ""Bilal"", ""Abu Bakr""]",2,Bilal ibn Rabah was the first muezzin.,18,2025-12-01 04:43:11.615852+00
25e1a834-4bc2-4b8e-88f6-cae94ec8ff23,history,h22,Who was the uncle of the Prophet ﷺ who died at Uhud?,"[""Abu Talib"", ""Abbas"", ""Hamza"", ""Abu Lahab""]",2,Hamza ibn Abdul Muttalib died at the Battle of Uhud.,22,2025-12-01 04:43:11.615852+00
31a9536e-4ba2-46d0-98f6-f457b7a993e8,history,h24,When did the Battle of Tabuk occur?,"[""628 CE"", ""629 CE"", ""630 CE"", ""631 CE""]",2,The Battle of Tabuk occurred in 630 CE.,24,2025-12-01 04:43:11.615852+00
32b760f3-575c-41d3-bd90-e2ddfdb74d28,history,h19,When was the Battle of Hunayn?,"[""628 CE"", ""629 CE"", ""630 CE"", ""631 CE""]",2,The Battle of Hunayn occurred in 630 CE.,19,2025-12-01 04:43:11.615852+00
381c7473-37df-4acb-b5b9-ca5da8a8285a,history,h5,What was the name of the Prophet's ﷺ wife who was a successful businesswoman?,"[""Aisha"", ""Khadijah"", ""Hafsa"", ""Zainab""]",1,Khadijah bint Khuwaylid was a successful businesswoman and the first wife of the Prophet ﷺ.,5,2025-12-01 04:43:11.615852+00
3c0fcdb3-f835-40e5-ada0-95b4118db2ac,history,h3,Which battle is known as the first major battle in Islamic history?,"[""Battle of Uhud"", ""Battle of Badr"", ""Battle of Khandaq"", ""Battle of Hunayn""]",1,The Battle of Badr (624 CE) was the first major battle in Islamic history.,3,2025-12-01 04:43:11.615852+00
3f2cbf60-1365-4a51-96f0-3d56b0ebad49,history,h21,When was the Treaty of Hudaybiyyah signed?,"[""626 CE"", ""627 CE"", ""628 CE"", ""629 CE""]",2,The Treaty of Hudaybiyyah was signed in 628 CE.,21,2025-12-01 04:43:11.615852+00
607ee168-2a87-41d6-80f2-2c64fac8752b,history,h7,Who was the second Caliph?,"[""Abu Bakr"", ""Umar ibn Al-Khattab"", ""Uthman"", ""Ali""]",1,Umar ibn Al-Khattab was the second Caliph.,7,2025-12-01 04:43:11.615852+00
6c437d1a-8287-4abe-b659-a2410cdf33df,history,h1,In which year did the Hijrah occur?,"[""610 CE"", ""622 CE"", ""630 CE"", ""632 CE""]",1,"The Hijrah occurred in 622 CE, marking the beginning of the Islamic calendar.",1,2025-12-01 04:43:11.615852+00
8986fcf7-606e-4e99-bd50-879a34305e73,history,h25,Who was the scribe of the Prophet ﷺ?,"[""Umar"", ""Ali"", ""Zaid ibn Thabit"", ""Abu Bakr""]",2,Zaid ibn Thabit was one of the main scribes of the Prophet ﷺ.,25,2025-12-01 04:43:11.615852+00
a119b2a2-0c36-4f67-9f8e-5cda9349a878,history,h2,Who was the first Caliph after Prophet Muhammad ﷺ?,"[""Umar ibn Al-Khattab"", ""Uthman ibn Affan"", ""Abu Bakr As-Siddiq"", ""Ali ibn Abi Talib""]",2,Abu Bakr As-Siddiq was the first Caliph of Islam.,2,2025-12-01 04:43:11.615852+00
bfeb4f0b-6cb0-4e32-9a38-bba3d49cc144,history,h9,Who was the third Caliph?,"[""Abu Bakr"", ""Umar"", ""Uthman ibn Affan"", ""Ali""]",2,Uthman ibn Affan was the third Caliph.,9,2025-12-01 04:43:11.615852+00
c1a65fde-f9d6-4640-8453-a48b3959d59e,history,h8,When did the conquest of Makkah occur?,"[""628 CE"", ""629 CE"", ""630 CE"", ""631 CE""]",2,Makkah was conquered in 630 CE.,8,2025-12-01 04:43:11.615852+00
c4277b0b-d17b-41e5-8fc4-b4c4c9759540,history,h20,Who was known as the Sword of Allah?,"[""Umar"", ""Ali"", ""Khalid ibn Walid"", ""Hamza""]",2,Khalid ibn Walid was known as the Sword of Allah.,20,2025-12-01 04:43:11.615852+00
c89978d1-621b-4f26-8be1-136a123543d6,history,h6,When was the Battle of Uhud?,"[""623 CE"", ""624 CE"", ""625 CE"", ""626 CE""]",2,The Battle of Uhud occurred in 625 CE.,6,2025-12-01 04:43:11.615852+00
c9ba5374-5165-4e70-bcc5-73740bc6df58,history,h12,Which empire did Muslims first conquer?,"[""Roman"", ""Persian"", ""Byzantine"", ""Egyptian""]",1,The Persian Empire was among the first major conquests.,12,2025-12-01 04:43:11.615852+00
cb775fca-41fe-4adc-ba94-8bac0e325276,history,h13,When did the Prophet ﷺ pass away?,"[""630 CE"", ""631 CE"", ""632 CE"", ""633 CE""]",2,The Prophet ﷺ passed away in 632 CE.,13,2025-12-01 04:43:11.615852+00
d4a81c0b-e4c1-4cf0-be11-d75cd004627f,history,h15,When was the Battle of Badr?,"[""622 CE"", ""623 CE"", ""624 CE"", ""625 CE""]",2,The Battle of Badr occurred in 624 CE.,15,2025-12-01 04:43:11.615852+00
d5dec127-469f-48c3-a8eb-9a91996e0418,history,h14,What was the Treaty of Hudaybiyyah?,"[""Peace treaty"", ""War declaration"", ""Trade agreement"", ""Alliance""]",0,The Treaty of Hudaybiyyah was a peace treaty between Muslims and Makkans.,14,2025-12-01 04:43:11.615852+00
d6f68a1d-6d55-41cc-a5e0-aeed3219a71e,history,h17,What year was the Year of the Elephant?,"[""570 CE"", ""571 CE"", ""569 CE"", ""572 CE""]",0,"The Year of the Elephant was 570 CE, the year the Prophet ﷺ was born.",17,2025-12-01 04:43:11.615852+00
e53dcfde-c7e0-47ed-acd1-17c82a38bf22,history,h4,Who compiled the Quran into a single book?,"[""Prophet Muhammad \ufdfa"", ""Abu Bakr"", ""Uthman ibn Affan"", ""Ali ibn Abi Talib""]",2,Uthman ibn Affan compiled the Quran into a standardized single book.,4,2025-12-01 04:43:11.615852+00
f31e241b-82b6-450c-bb12-e623ecc46d48,history,h23,What was the first mosque built in Islam?,"[""Masjid al-Haram"", ""Masjid an-Nabawi"", ""Masjid Quba"", ""Al-Aqsa""]",2,Masjid Quba was the first mosque built in Islam.,23,2025-12-01 04:43:11.615852+00
fc90576d-4e82-45f9-8fc9-4d958b99602f,history,h11,When was the Battle of Khandaq?,"[""625 CE"", ""626 CE"", ""627 CE"", ""628 CE""]",2,The Battle of Khandaq (Trench) occurred in 627 CE.,11,2025-12-01 04:43:11.615852+00
df8c14df-8d9b-46ab-a6a8-af4dd2578ea6,history,q026,Who was the first martyr in Islam?,"[""Hamza"", ""Sumayya"", ""Yasir"", ""Bilal""]",1,"Sumayya bint Khayyat was the first martyr in Islam, killed for refusing to renounce her faith.",26,2026-01-11T09:06:19.169067+00:00
9faa2447-284a-4cea-8700-784ef10b9751,history,q027,Who was the fourth Caliph?,"[""Abu Bakr"", ""Umar"", ""Uthman"", ""Ali ibn Abi Talib""]",3,Ali ibn Abi Talib was the fourth Caliph and the cousin and son-in-law of Prophet Muhammad.,27,2026-01-11T09:06:19.169067+00:00
5e42f7b4-ccc5-4aff-b19a-0a4084398c1e,history,q028,Who was the first Caliph?,"[""Abu Bakr"", ""Umar"", ""Uthman"", ""Ali""]",0,Abu Bakr al-Siddiq was the first Caliph after the death of Prophet Muhammad.,28,2026-01-11T09:06:19.169067+00:00
fc246b25-fc2d-4eeb-855c-dd68818c210c,history,q029,Who was the second Caliph?,"[""Abu Bakr"", ""Umar ibn al-Khattab"", ""Uthman"", ""Ali""]",1,"Umar ibn al-Khattab was the second Caliph, known as ""Al-Faruq"" (The Distinguisher).",29,2026-01-11T09:06:19.169067+00:00
072e9841-ca81-44db-b489-b546c63495fa,history,q030,Who was the third Caliph?,"[""Abu Bakr"", ""Umar"", ""Uthman ibn Affan"", ""Ali""]",2,"Uthman ibn Affan was the third Caliph, known as ""Dhu al-Nurayn"" (Possessor of Two Lights).",30,2026-01-11T09:06:19.169067+00:00
ca3e79ee-9895-42c0-8450-8a263494e74f,history,q031,In which year did the Battle of Badr take place?,"[""622 CE"", ""624 CE"", ""625 CE"", ""627 CE""]",1,The Battle of Badr took place in 624 CE (2 AH) and was the first major battle between Muslims and the Quraysh.,31,2026-01-11T09:06:19.169067+00:00
7cf88b51-e457-4c2e-9a02-b06a3c0c5369,history,q032,In which year did the Battle of Uhud take place?,"[""623 CE"", ""624 CE"", ""625 CE"", ""626 CE""]",2,"The Battle of Uhud took place in 625 CE (3 AH), where Hamzah, the Prophet's uncle, became a martyr.",32,2026-01-11T09:06:19.169067+00:00
e4011cf8-4c4f-4767-8e18-712af1fa87d3,history,q033,In which year did the Battle of Khandaq (Trench) take place?,"[""625 CE"", ""626 CE"", ""627 CE"", ""628 CE""]",2,"The Battle of Khandaq (Trench) took place in 627 CE (5 AH), where Muslims dug a trench to defend Madinah.",33,2026-01-11T09:06:19.169067+00:00
42e7868b-3ac3-495f-8bf6-c462e9ef0406,history,q034,In which year did the Conquest of Mecca take place?,"[""628 CE"", ""629 CE"", ""630 CE"", ""631 CE""]",2,"The Conquest of Mecca took place in 630 CE (8 AH), when Muslims peacefully entered Mecca.",34,2026-01-11T09:06:19.169067+00:00
a9fe3cd0-a954-4b4c-8d75-f125fb9e858b,history,q035,"Who was known as ""The Sword of Allah""?","[""Khalid ibn al-Walid"", ""Sa'd ibn Abi Waqqas"", ""Abu Ubaydah"", ""Amr ibn al-As""]",0,"Khalid ibn al-Walid was given the title ""Saifullah"" (Sword of Allah) for his exceptional military leadership.",35,2026-01-11T09:06:19.169067+00:00
74be62e8-6188-42fa-8fe1-dfb362b09402,history,q036,Who compiled the Quran into a single book?,"[""Abu Bakr"", ""Umar"", ""Uthman"", ""Zayd ibn Thabit""]",3,Zayd ibn Thabit compiled the Quran into a single book (Mushaf) under the caliphate of Abu Bakr.,36,2026-01-11T09:06:19.169067+00:00
4a65d904-39de-4351-b911-4f1455b4b3eb,history,q037,Who was the first person to accept Islam?,"[""Abu Bakr"", ""Khadijah"", ""Ali"", ""Zayd""]",1,"Khadijah, the Prophet's wife, was the first person to accept Islam and believe in his prophethood.",37,2026-01-11T09:06:19.169067+00:00
aaebadac-477c-4f60-9647-a1b6fe2b6349,history,q038,"Who was known as ""Al-Siddiq"" (The Truthful)?","[""Umar"", ""Abu Bakr"", ""Uthman"", ""Ali""]",1,"Abu Bakr was given the title ""Al-Siddiq"" because he immediately believed in the Prophet's Night Journey.",38,2026-01-11T09:06:19.169067+00:00
a0d03844-623d-43fd-8095-195c3d80d5c7,history,q039,"Who was known as ""Al-Faruq"" (The Distinguisher)?","[""Abu Bakr"", ""Umar ibn al-Khattab"", ""Uthman"", ""Ali""]",1,"Umar ibn al-Khattab was called ""Al-Faruq"" because he distinguished between truth and falsehood.",39,2026-01-11T09:06:19.169067+00:00
10f6a8c7-b21b-486e-bed8-c9a7edb29232,history,q040,"Who was known as ""Dhu al-Nurayn"" (Possessor of Two Lights)?","[""Abu Bakr"", ""Umar"", ""Uthman"", ""Ali""]",2,"Uthman ibn Affan was called ""Dhu al-Nurayn"" because he married two of the Prophet's daughters.",40,2026-01-11T09:06:19.169067+00:00
16f38fba-f976-4508-adb4-c666621d2ebc,history,q041,Who was the first muezzin (caller to prayer)?,"[""Bilal ibn Rabah"", ""Umar"", ""Abu Bakr"", ""Abu Dharr""]",0,"Bilal ibn Rabah was the first muezzin in Islam, known for his beautiful voice and strong faith.",41,2026-01-11T09:06:19.169067+00:00
d0281a58-92ae-4874-83f5-177166a5f83c,history,q042,Who suggested digging the trench in the Battle of Khandaq?,"[""Abu Bakr"", ""Umar"", ""Salman al-Farsi"", ""Ammar ibn Yasir""]",2,"Salman al-Farsi suggested digging a trench around Madinah, a strategy he had seen in Persia.",42,2026-01-11T09:06:19.169067+00:00
41ab11ec-99bb-4654-8803-3dc92a8571c8,history,q043,In which year did Prophet Muhammad pass away?,"[""630 CE"", ""631 CE"", ""632 CE"", ""633 CE""]",2,Prophet Muhammad (peace be upon him) passed away in 632 CE (11 AH) at the age of 63.,43,2026-01-11T09:06:19.169067+00:00
c2461f53-7ec2-43e4-816a-c78168b6de4d,history,q044,Who was the last person to see the Prophet before his passing?,"[""Aishah"", ""Abu Bakr"", ""Umar"", ""Ali""]",0,"Aishah, the Prophet's wife, was the last person to see him before his passing, as he passed away in her room.",44,2026-01-11T09:06:19.169067+00:00
0de8d09f-7257-4f30-a4cb-77638927d238,history,q045,What was the name of the year when both Khadijah and Abu Talib passed away?,"[""Year of Sorrow"", ""Year of Boycott"", ""Year of the Elephant"", ""Year of Grief""]",0,"619 CE is called the ""Year of Sorrow"" because both Khadijah and Abu Talib passed away.",45,2026-01-11T09:06:19.169067+00:00
bf2c4d8b-b587-4bd9-a239-c925144840f5,history,q046,Who was the Prophet's foster brother?,"[""Zayd ibn Harithah"", ""Hamzah"", ""Abdullah"", ""Abdul-Muttalib""]",0,"Zayd ibn Harithah was the Prophet's adopted son and foster brother, known as ""Zayd the Beloved"".",46,2026-01-11T09:06:19.169067+00:00
b649b4b6-fde3-43c0-a0a0-0d925f380f29,history,q047,In which year did the Treaty of Hudaybiyyah take place?,"[""627 CE"", ""628 CE"", ""629 CE"", ""630 CE""]",1,"The Treaty of Hudaybiyyah took place in 628 CE (6 AH), establishing a 10-year peace treaty.",47,2026-01-11T09:06:19.169067+00:00
d5ad3ae6-d266-443f-bf35-078bc16ae8cb,history,q048,"Who was known as ""The Gate of Knowledge""?","[""Abu Bakr"", ""Umar"", ""Uthman"", ""Ali""]",3,"Ali ibn Abi Talib was called ""Bab al-Ilm"" (Gate of Knowledge) due to his deep understanding of the Quran and Hadith.",48,2026-01-11T09:06:19.169067+00:00
0f4cc1f2-4ad6-4b57-8f55-d73e290fb8e7,history,q049,What was the name of the first mosque built in Islam?,"[""Al-Masjid al-Haram"", ""Masjid al-Nabawi"", ""Masjid Quba"", ""Masjid al-Aqsa""]",2,"Masjid Quba was the first mosque built in Islam, constructed by the Prophet upon his arrival in Madinah.",49,2026-01-11T09:06:19.169067+00:00
9b3a4df0-3964-403c-ae51-f216c759e081,history,q050,Who was the first person to publicly declare Islam in Mecca?,"[""Abu Bakr"", ""Hamzah"", ""Umar"", ""Ammar ibn Yasir""]",0,Abu Bakr was among the first to accept Islam and was known for publicly declaring his faith despite persecution.,50,2026-01-11T09:06:19.169067+00:00
016cdf30-f6b0-485c-84d7-c051b980ff0c,pillars,p7,What is Salah?,"[""Fasting"", ""Prayer"", ""Charity"", ""Pilgrimage""]",1,Salah is the Islamic prayer performed five times daily.,7,2025-12-01 04:44:09.35637+00
038977df-6d30-4e3a-940a-f9cd9bfe2140,pillars,p19,Who must perform Hajj?,"[""Everyone"", ""Those who are able"", ""Only men"", ""Only women""]",1,Hajj is obligatory for those who are physically and financially able.,19,2025-12-01 04:44:09.35637+00
0e7c64dc-f7c1-4f82-a71c-c3eeda725f42,pillars,p8,What is Zakat?,"[""Prayer"", ""Fasting"", ""Obligatory charity"", ""Pilgrimage""]",2,Zakat is the obligatory charity given annually.,8,2025-12-01 04:44:09.35637+00
34cb015b-27e6-4611-ad0b-4243cd70a6bf,pillars,p10,What is Hajj?,"[""Prayer"", ""Fasting"", ""Charity"", ""Pilgrimage to Makkah""]",3,Hajj is the pilgrimage to Makkah.,10,2025-12-01 04:44:09.35637+00
3773d13c-bd63-4368-8584-ac9f2105ffbf,pillars,p13,What is the second pillar?,"[""Shahada"", ""Salah"", ""Zakat"", ""Sawm""]",1,Salah (prayer) is the second pillar of Islam.,13,2025-12-01 04:44:09.35637+00
3e2b9811-9c34-42b3-aad8-a180ff1c4103,pillars,p18,What does Shahada mean?,"[""To pray"", ""To witness"", ""To give"", ""To fast""]",1,"Shahada means ""to witness"" or ""to testify"".",18,2025-12-01 04:44:09.35637+00
43a69d2d-eae7-4ccc-9cdd-a0c0fe24ac15,pillars,p15,What is the fourth pillar?,"[""Salah"", ""Zakat"", ""Sawm"", ""Hajj""]",2,Sawm (fasting) is the fourth pillar of Islam.,15,2025-12-01 04:44:09.35637+00
488c4b29-a48b-4fd8-9e2b-5794ccda6610,pillars,p5,Where do Muslims perform Hajj?,"[""Madinah"", ""Makkah"", ""Jerusalem"", ""Cairo""]",1,"Hajj is performed in Makkah, Saudi Arabia.",5,2025-12-01 04:44:09.35637+00
5e2e7077-e690-4b0f-8358-c8080eb72302,pillars,p20,When is Zakat due?,"[""Monthly"", ""Annually"", ""Weekly"", ""Daily""]",1,Zakat is due annually on wealth held for one lunar year.,20,2025-12-01 04:44:09.35637+00
80056d6d-41bf-4ad2-9610-5ac68739fa53,pillars,p4,In which month do Muslims fast?,"[""Muharram"", ""Rajab"", ""Ramadan"", ""Shawwal""]",2,Muslims fast during the month of Ramadan.,4,2025-12-01 04:44:09.35637+00
84bb7da4-0c0d-4b17-879a-2a4e87d0e98d,pillars,p9,What is Sawm?,"[""Prayer"", ""Fasting"", ""Charity"", ""Pilgrimage""]",1,"Sawm is fasting, especially during Ramadan.",9,2025-12-01 04:44:09.35637+00
8bef67cf-39f9-4bb1-bf8f-e60a5487db81,pillars,p12,When is Hajj performed?,"[""Ramadan"", ""Dhul Hijjah"", ""Muharram"", ""Rajab""]",1,Hajj is performed in the month of Dhul Hijjah.,12,2025-12-01 04:44:09.35637+00
96d74898-7117-4b50-a6b2-2929a3277194,pillars,p22,What is the Arabic word for fasting?,"[""Sawm"", ""Zakat"", ""Salah"", ""Hajj""]",0,Sawm is the Arabic word for fasting.,22,2025-12-01 04:44:09.35637+00
99493b17-fc40-45ff-b1fb-3aada3261567,pillars,p16,What is the fifth pillar?,"[""Salah"", ""Zakat"", ""Sawm"", ""Hajj""]",3,Hajj (pilgrimage) is the fifth pillar of Islam.,16,2025-12-01 04:44:09.35637+00
9a4c4c33-e8c9-460c-a915-e1dcdde99c4f,pillars,p2,How many times a day do Muslims pray?,"[""3"", ""5"", ""7"", ""10""]",1,"Muslims pray five times a day: Fajr, Dhuhr, Asr, Maghrib, and Isha.",2,2025-12-01 04:44:09.35637+00
a2486d0c-3fe9-4137-9e6a-8e079f7ba301,pillars,p3,What percentage of wealth is given as Zakat?,"[""1.5%"", ""2.5%"", ""5%"", ""10%""]",1,Zakat is 2.5% of one's wealth given to those in need.,3,2025-12-01 04:44:09.35637+00
a48d6588-abc2-4a24-88d2-c763b4ab176d,pillars,p24,What is the Arabic word for pilgrimage?,"[""Sawm"", ""Zakat"", ""Salah"", ""Hajj""]",3,Hajj is the Arabic word for pilgrimage.,24,2025-12-01 04:44:09.35637+00
b159494a-d119-4a8b-b0bb-b1cd7ec2d1fd,pillars,p23,What is the Arabic word for charity?,"[""Sawm"", ""Zakat"", ""Salah"", ""Hajj""]",1,Zakat is the Arabic word for obligatory charity.,23,2025-12-01 04:44:09.35637+00
c1638df4-4caa-4e23-9cc8-81133b55f7dd,pillars,p17,How many pillars of Islam are there?,"[""3"", ""4"", ""5"", ""6""]",2,There are five pillars of Islam.,17,2025-12-01 04:44:09.35637+00
c8d92b8c-1c45-4f3d-b50a-7a62f9a920f6,pillars,p14,What is the third pillar?,"[""Salah"", ""Zakat"", ""Sawm"", ""Hajj""]",1,Zakat (charity) is the third pillar of Islam.,14,2025-12-01 04:44:09.35637+00
cb62fc28-1242-4176-bb72-bd6d7b182e30,pillars,p25,How many days is Ramadan?,"[""28"", ""29 or 30"", ""30"", ""31""]",1,Ramadan is 29 or 30 days depending on the lunar calendar.,25,2025-12-01 04:44:09.35637+00
e3f8a36f-485c-40fb-9cff-7ec3d740062a,pillars,p11,Who must pay Zakat?,"[""Everyone"", ""Those above Nisab"", ""Only rich"", ""Only men""]",1,Those whose wealth exceeds the Nisab must pay Zakat.,11,2025-12-01 04:44:09.35637+00
e92f9987-c157-4e40-a9d0-8ab3664bfff2,pillars,p21,What is the Arabic word for prayer?,"[""Sawm"", ""Zakat"", ""Salah"", ""Hajj""]",2,Salah is the Arabic word for prayer.,21,2025-12-01 04:44:09.35637+00
e9f1bc9e-801e-4062-8191-e080f06204fe,pillars,p1,What is the first pillar of Islam?,"[""Salah"", ""Shahada"", ""Zakat"", ""Hajj""]",1,The Shahada (declaration of faith) is the first pillar of Islam.,1,2025-12-01 04:44:09.35637+00
ebefc07a-0b36-4ca4-8c41-c732321a1473,pillars,p6,What is the Shahada?,"[""Prayer"", ""Declaration of faith"", ""Charity"", ""Fasting""]",1,Shahada is the declaration of faith in Islam.,6,2025-12-01 04:44:09.35637+00
c83258c7-713f-415e-afff-126b459fcd97,pillars,q026,What are the Five Pillars of Islam?,"[""Shahadah, Salah, Zakat, Sawm, Hajj"", ""Shahadah, Salah, Zakat, Jihad, Hajj"", ""Shahadah, Salah, Charity, Fasting, Hajj"", ""Faith, Prayer, Charity, Fasting, Pilgrimage""]",0,"The Five Pillars are: Shahadah (Declaration of Faith), Salah (Prayer), Zakat (Charity), Sawm (Fasting in Ramadan), and Hajj (Pilgrimage to Mecca).",26,2026-01-11T09:06:19.169067+00:00
24a08256-47de-4a0b-b495-4dbaf9eadfb0,pillars,q027,What is the first pillar of Islam?,"[""Salah"", ""Shahadah"", ""Zakat"", ""Hajj""]",1,"Shahadah (Declaration of Faith) is the first pillar, declaring that there is no god but Allah and Muhammad is His messenger.",27,2026-01-11T09:06:19.169067+00:00
23f5209e-5ad6-4a6b-b0ff-1ac7902193f9,pillars,q028,How many times a day must Muslims perform Salah?,"[""3 times"", ""4 times"", ""5 times"", ""6 times""]",2,"Muslims perform Salah (prayer) five times daily: Fajr (dawn), Dhuhr (noon), Asr (afternoon), Maghrib (sunset), and Isha (night).",28,2026-01-11T09:06:19.169067+00:00
0249dc1c-b485-4ba4-bcb8-312e85e70282,pillars,q029,What is the minimum percentage of wealth that must be given as Zakat?,"[""1.5%"", ""2.5%"", ""3.5%"", ""5%""]",1,"Zakat is 2.5% of one's wealth that has been held for a full lunar year, above the Nisab threshold.",29,2026-01-11T09:06:19.169067+00:00
2d07e096-e756-4218-a0bf-73b54e881795,pillars,q030,During which month is fasting (Sawm) obligatory?,"[""Muharram"", ""Rajab"", ""Ramadan"", ""Sha'ban""]",2,Fasting during the month of Ramadan is the fourth pillar of Islam and is obligatory for all adult Muslims who are able.,30,2026-01-11T09:06:19.169067+00:00
f603d1f0-6b07-4191-94b8-30c38a643aff,pillars,q031,Who is required to perform Hajj?,"[""All Muslims"", ""Only men"", ""Those who are physically and financially able"", ""Only the elderly""]",2,Hajj is obligatory once in a lifetime for Muslims who are physically and financially able to make the journey to Mecca.,31,2026-01-11T09:06:19.169067+00:00
7f07a7b3-5d7c-4cfa-804f-22cca464a8b6,pillars,q032,"What does ""Shahadah"" mean?","[""Prayer"", ""Declaration of Faith"", ""Charity"", ""Fasting""]",1,"Shahadah means ""testimony"" or ""declaration of faith"" - declaring that there is no god but Allah and Muhammad is His messenger.",32,2026-01-11T09:06:19.169067+00:00
939b11d4-7ac3-4c60-8c0f-db7ee98424f8,pillars,q033,What is the direction Muslims face during prayer?,"[""East"", ""West"", ""Mecca (Qibla)"", ""Jerusalem""]",2,"Muslims face the Qibla (direction of the Kaaba in Mecca) during all prayers, regardless of where they are in the world.",33,2026-01-11T09:06:19.169067+00:00
490af9d2-6781-42ea-8b93-38458d15ee23,pillars,q034,How many Rak'ahs (units) are in the Fajr prayer?,"[""2"", ""3"", ""4"", ""5""]",0,Fajr (dawn) prayer consists of 2 Rak'ahs (units). It is the first of the five daily prayers.,34,2026-01-11T09:06:19.169067+00:00
c1b08d57-85ef-463f-8d8d-76afd257805d,pillars,q035,What breaks a fast during Ramadan?,"[""Eating, drinking, or intentional sexual activity"", ""Swimming"", ""Brushing teeth"", ""Taking medicine""]",0,"A fast is broken by eating, drinking, or intentional sexual activity during daylight hours. Unintentional actions or medical necessities may be excused.",35,2026-01-11T09:06:19.169067+00:00
9455182f-0bee-4ca7-8c27-b443b3a40b21,pillars,q036,How many times must a Muslim perform Hajj in their lifetime?,"[""Once"", ""Twice"", ""Every 5 years"", ""Every year""]",0,Hajj is obligatory once in a lifetime for those who are able. Performing it multiple times is optional and considered a good deed.,36,2026-01-11T09:06:19.169067+00:00
d7dd7b41-b081-42ec-9a12-0986f906390e,pillars,q037,What is the time for Dhuhr (noon) prayer?,"[""After sunrise until noon"", ""After the sun passes its zenith until Asr"", ""At sunset"", ""At midnight""]",1,Dhuhr prayer time begins after the sun passes its zenith (highest point) and continues until the time for Asr prayer begins.,37,2026-01-11T09:06:19.169067+00:00
faff8c9d-e190-4038-9580-09c02721b855,pillars,q038,What is the first thing a person must do to become Muslim?,"[""Perform Hajj"", ""Recite the Shahadah"", ""Learn Arabic"", ""Start praying""]",1,"To become Muslim, one must sincerely recite the Shahadah: ""There is no god but Allah, and Muhammad is the messenger of Allah.""",38,2026-01-11T09:06:19.169067+00:00
7d77247d-6901-4bcc-98c4-71fda5b65da6,pillars,q039,How many Rak'ahs are in Maghrib (sunset) prayer?,"[""2"", ""3"", ""4"", ""5""]",1,Maghrib (sunset) prayer consists of 3 Rak'ahs. It is performed immediately after sunset.,39,2026-01-11T09:06:19.169067+00:00
de2c4c12-3ab3-40ed-b29c-0ef6f6c563a8,pillars,q040,What is the reward for fasting during Ramadan?,"[""Forgiveness of all sins"", ""Paradise"", ""Great reward from Allah"", ""All of the above""]",3,"Fasting in Ramadan has immense rewards including forgiveness of sins and the promise of Paradise, as mentioned in authentic Hadith.",40,2026-01-11T09:06:19.169067+00:00
e52172d9-182e-4ecd-93f6-dbda822f5c8d,pillars,q041,What is Umrah?,"[""The lesser pilgrimage to Mecca"", ""The greater pilgrimage"", ""A type of prayer"", ""A form of charity""]",0,"Umrah is the lesser pilgrimage to Mecca that can be performed at any time of the year, unlike Hajj which has specific dates.",41,2026-01-11T09:06:19.169067+00:00
d224c3e3-31df-43de-ac09-dc65fb5fee98,pillars,q042,What is the minimum amount of wealth (Nisab) for Zakat on silver?,"[""200 dirhams"", ""400 dirhams"", ""600 dirhams"", ""800 dirhams""]",0,The Nisab for silver is 200 dirhams (approximately 595 grams). This is an alternative to the gold Nisab.,42,2026-01-11T09:06:19.169067+00:00
432daf5d-928b-4998-9084-80a94e34c372,pillars,q043,What is the significance of the Kaaba?,"[""It is the house of Allah"", ""Direction for prayer"", ""Destination for Hajj"", ""All of the above""]",3,"The Kaaba in Mecca is the holiest site in Islam, built by Prophet Ibrahim and Ismail. It is the Qibla (direction) for prayer and the destination for Hajj.",43,2026-01-11T09:06:19.169067+00:00
e558db5e-c056-4f7b-98aa-3dbf41d47465,pillars,q044,What is the minimum duration for a fast to be valid?,"[""From dawn to sunset"", ""12 hours"", ""From sunrise to sunset"", ""24 hours""]",0,"A valid fast begins at Fajr (dawn) and ends at Maghrib (sunset), following the local prayer times.",44,2026-01-11T09:06:19.169067+00:00
7e312e7e-173f-4489-8019-4794049895cf,pillars,q045,What is Zakat al-Fitr?,"[""Annual charity"", ""Charity given at the end of Ramadan"", ""Charity for the poor"", ""Charity for orphans""]",1,"Zakat al-Fitr is a special charity given at the end of Ramadan, before Eid prayer. It is obligatory for every Muslim.",45,2026-01-11T09:06:19.169067+00:00
5d8706bf-f451-43f1-901a-d8a09e9c4ce1,pillars,q046,How many times is the Tawaf (circumambulation) performed during Hajj?,"[""3 times"", ""5 times"", ""7 times"", ""10 times""]",2,"Tawaf (circumambulating the Kaaba) is performed 7 times during Hajj and Umrah, starting and ending at the Black Stone.",46,2026-01-11T09:06:19.169067+00:00
782e03e8-ffa4-492a-8bce-ce3df491da4e,pillars,q047,What is the minimum age for fasting in Ramadan?,"[""7 years"", ""10 years"", ""Puberty"", ""18 years""]",2,"Fasting becomes obligatory at puberty. However, children are often encouraged to practice fasting gradually before reaching puberty.",47,2026-01-11T09:06:19.169067+00:00
17cb5a52-78d3-493f-af40-d1550adfe20e,pillars,q048,What is the reward for performing Hajj?,"[""Forgiveness of all sins"", ""Paradise"", ""Great reward"", ""All of the above""]",3,"An accepted Hajj brings immense rewards including forgiveness of sins and the promise of Paradise, as mentioned in authentic Hadith.",48,2026-01-11T09:06:19.169067+00:00
4637271f-1496-4458-8997-85b573e1f5d2,pillars,q049,What is the time for Isha (night) prayer?,"[""After sunset"", ""After Maghrib"", ""After twilight disappears"", ""At midnight""]",2,Isha prayer time begins after the twilight (red glow) disappears from the horizon and continues until Fajr.,49,2026-01-11T09:06:19.169067+00:00
88520408-6957-48e3-a03e-73769cc256cc,pillars,q050,What is the minimum amount for Zakat al-Fitr?,"[""One Sa'a of food per person"", ""Money equivalent"", ""Both are acceptable"", ""It varies by country""]",2,"Zakat al-Fitr can be given as one Sa'a (approximately 2.5-3 kg) of staple food (wheat, rice, dates, etc.) or its monetary equivalent.",50,2026-01-11T09:06:19.169067+00:00
160b8062-da10-443a-8184-f1b5ea28c270,fiqh,f4,What is the Nisab for Zakat on gold?,"[""85 grams"", ""87.5 grams"", ""90 grams"", ""100 grams""]",0,The Nisab for gold is approximately 85 grams.,4,2025-12-01 04:43:42.641722+00
25b27a45-40c6-4217-877c-71078515f107,fiqh,f16,How many Rakats are in Dhuhr?,"[""2"", ""3"", ""4"", ""5""]",2,Dhuhr prayer consists of 4 Rakats.,16,2025-12-01 04:43:42.641722+00
32fee772-0e87-45df-95db-7b5ca782b5ef,fiqh,f20,How many times should you wash each part in Wudu?,"[""1"", ""2"", ""3"", ""4""]",2,Each part should be washed 3 times in Wudu.,20,2025-12-01 04:43:42.641722+00
38fa6311-b5c3-4971-8cc2-e86c9ad9c197,fiqh,f6,What is the minimum distance for shortening prayers?,"[""48 miles"", ""50 miles"", ""55 miles"", ""60 miles""]",0,The minimum distance is approximately 48 miles (77 km).,6,2025-12-01 04:43:42.641722+00
44a46446-527b-4a79-92d4-85dac13212a6,fiqh,f13,When does Ramadan fasting begin each day?,"[""Midnight"", ""Fajr"", ""Sunrise"", ""Noon""]",1,Fasting begins at Fajr (dawn).,13,2025-12-01 04:43:42.641722+00
553ee648-9c3b-4ba3-bc1d-1c8b6ff21d51,fiqh,f9,How long is the Iddah period for a widow?,"[""3 months"", ""4 months 10 days"", ""6 months"", ""1 year""]",1,The Iddah for a widow is 4 months and 10 days.,9,2025-12-01 04:43:42.641722+00
57cb294d-b9bf-4211-9178-28b0eb3d0e74,fiqh,f10,What is the Nisab for Zakat on silver?,"[""500 grams"", ""595 grams"", ""600 grams"", ""700 grams""]",1,The Nisab for silver is approximately 595 grams.,10,2025-12-01 04:43:42.641722+00
67945038-0154-4728-8657-68fdcdff55cf,fiqh,f5,How many days of Hajj are there?,"[""3"", ""5"", ""7"", ""10""]",1,The main rituals of Hajj span 5-6 days.,5,2025-12-01 04:43:42.641722+00
77e88450-3b85-463e-a76c-89d92e32017c,fiqh,f8,What is the time for Zuhr prayer?,"[""After sunrise"", ""After noon"", ""Before sunset"", ""After sunset""]",1,Zuhr is prayed after the sun passes its zenith.,8,2025-12-01 04:43:42.641722+00
8ad4c584-486a-4b50-8cde-1918ac640289,fiqh,f21,What is the Kaffarah for breaking an oath?,"[""Feed 10 poor people"", ""Fast 3 days"", ""Free a slave"", ""Any of the above""]",3,"Kaffarah can be feeding 10 poor people, clothing them, freeing a slave, or fasting 3 days.",21,2025-12-01 04:43:42.641722+00
8d3c12bf-b5a4-46f4-b2f7-17b6a620f30d,fiqh,f19,What is the minimum amount for Sadaqah?,"[""No minimum"", ""1 dollar"", ""5 dollars"", ""10 dollars""]",0,There is no minimum amount for Sadaqah (voluntary charity).,19,2025-12-01 04:43:42.641722+00
93c25a10-5a61-40c4-ac09-2ba1ecb63f53,fiqh,f15,How many Rakats are in Maghrib?,"[""2"", ""3"", ""4"", ""5""]",1,Maghrib prayer consists of 3 Rakats.,15,2025-12-01 04:43:42.641722+00
93e571ae-945d-4e61-9ded-ab82d2f9e790,fiqh,f22,When does Asr time end?,"[""Before sunset"", ""At sunset"", ""After sunset"", ""Before Maghrib""]",0,Asr time ends just before sunset.,22,2025-12-01 04:43:42.641722+00
a04c45e2-97c9-4114-b7b9-dbd667ad5b5b,fiqh,f7,How many Takbirs are in Eid prayer?,"[""5"", ""6"", ""7"", ""12""]",2,There are 7 Takbirs in the first Rakat and 5 in the second.,7,2025-12-01 04:43:42.641722+00
a8ac1896-b0c7-4e99-97f6-b3f54a758b0b,fiqh,f24,How many Sunnah Rakats are after Dhuhr?,"[""0"", ""2"", ""4"", ""6""]",1,There are 2 Sunnah Rakats after Dhuhr.,24,2025-12-01 04:43:42.641722+00
ac0e5aaa-8306-4f77-a0c0-f44121cb25e7,fiqh,f23,What is the ruling on Jummah prayer?,"[""Fard"", ""Sunnah"", ""Mustahabb"", ""Nafl""]",0,Jummah prayer is Fard (obligatory) for men.,23,2025-12-01 04:43:42.641722+00
ba41bab5-4d2f-465d-9b2f-597fdb911f9e,fiqh,f1,How many Fard acts are in Wudu?,"[""3"", ""4"", ""5"", ""6""]",1,There are 4 Fard acts in Wudu according to most scholars.,1,2025-12-01 04:43:42.641722+00
cb038876-bfcc-4213-a195-013e0f5b98ab,fiqh,f3,What breaks the fast?,"[""Eating"", ""Drinking"", ""Intimate relations"", ""All of the above""]",3,All of these intentionally break the fast.,3,2025-12-01 04:43:42.641722+00
d4a40a36-2635-45e6-9de0-57ffc3d02e8d,fiqh,f18,How many Rakats are in Isha?,"[""2"", ""3"", ""4"", ""5""]",2,Isha prayer consists of 4 Rakats.,18,2025-12-01 04:43:42.641722+00
dae61d5c-6fe8-4257-b8c0-a8b826318bcc,fiqh,f17,How many Rakats are in Asr?,"[""2"", ""3"", ""4"", ""5""]",2,Asr prayer consists of 4 Rakats.,17,2025-12-01 04:43:42.641722+00
dbfc179d-37f7-4ff1-ba4e-b78e38091cf1,fiqh,f25,What is the minimum age for fasting?,"[""7"", ""Puberty"", ""10"", ""12""]",1,Fasting becomes obligatory at puberty.,25,2025-12-01 04:43:42.641722+00
e030039f-41d8-42be-901b-955787048967,fiqh,f11,How many Sunnah Rakats are before Fajr?,"[""0"", ""2"", ""4"", ""6""]",1,There are 2 Sunnah Rakats before Fajr.,11,2025-12-01 04:43:42.641722+00
e1b62b40-4741-43e8-9acc-a95c41461be7,fiqh,f2,How many Rakats are in Fajr prayer?,"[""2"", ""3"", ""4"", ""5""]",0,Fajr prayer consists of 2 Rakats.,2,2025-12-01 04:43:42.641722+00
eed949a5-ab78-4bf3-bb79-3161309d79af,fiqh,f14,What is the Fidyah for missing a fast?,"[""Feed 1 poor person"", ""Feed 2 poor people"", ""Fast 2 days"", ""Give charity""]",0,Fidyah is feeding one poor person per missed fast.,14,2025-12-01 04:43:42.641722+00
f59d4b9d-c55f-41d4-9054-3e1a9a8c1161,fiqh,f12,What invalidates Wudu?,"[""Sleep"", ""Using bathroom"", ""Bleeding"", ""All of the above""]",3,All of these invalidate Wudu.,12,2025-12-01 04:43:42.641722+00
5c72636b-ae1e-4e53-aa69-799e50f2038d,fiqh,q026,What is the Nisab for Zakat on gold?,"[""85 grams"", ""87.5 grams"", ""90 grams"", ""100 grams""]",0,"The Nisab for gold is approximately 85 grams (or 7.5 tolas). If one owns this amount or more for a full year, Zakat becomes obligatory.",26,2026-01-11T09:06:19.169067+00:00
e90adf8b-55f1-4ade-8ead-4f78745eb84d,fiqh,q027,What breaks Wudu (ablution)?,"[""Using the restroom"", ""Sleeping"", ""Passing gas"", ""All of the above""]",3,"Wudu is broken by using the restroom, passing gas, deep sleep, loss of consciousness, and other specific conditions.",27,2026-01-11T09:06:19.169067+00:00
e0e82ba3-26e6-4e36-aab8-b5e845569a8c,fiqh,q028,What is Ghusl (full bath) required for?,"[""After sexual intercourse"", ""After menstruation"", ""After giving birth"", ""All of the above""]",3,"Ghusl is required after sexual intercourse, after menstruation ends, after giving birth (postpartum bleeding ends), and in other specific situations.",28,2026-01-11T09:06:19.169067+00:00
1835f554-4f01-44b9-88cc-d85b12bfcbc2,fiqh,q029,What is the minimum amount for Zakat on silver?,"[""200 dirhams"", ""400 dirhams"", ""600 dirhams"", ""800 dirhams""]",0,The Nisab for silver is 200 dirhams (approximately 595 grams). This is an alternative to the gold Nisab.,29,2026-01-11T09:06:19.169067+00:00
ad85b171-1b20-4578-af56-7d7e136aa512,fiqh,q030,What is the ruling on eating pork?,"[""Halal"", ""Haram (forbidden)"", ""Makruh (disliked)"", ""Mubah (permissible)""]",1,"Pork and all pork products are strictly forbidden (Haram) in Islam, as clearly stated in the Quran.",30,2026-01-11T09:06:19.169067+00:00
e88c233a-02a5-42ea-a274-8f7a3f2484c5,fiqh,q031,What is the ruling on consuming alcohol?,"[""Halal in small amounts"", ""Haram (forbidden)"", ""Makruh (disliked)"", ""Mubah (permissible)""]",1,"Alcohol and all intoxicants are strictly forbidden (Haram) in Islam, as they cloud the mind and lead to harmful behavior.",31,2026-01-11T09:06:19.169067+00:00
d09a91c6-1bec-41fd-8c8a-6d190ab2281b,fiqh,q032,What is the minimum age for Zakat obligation?,"[""Puberty"", ""18 years"", ""21 years"", ""There is no minimum age""]",0,Zakat becomes obligatory at puberty if one owns wealth above the Nisab threshold for a full lunar year.,32,2026-01-11T09:06:19.169067+00:00
67292a99-1257-48fc-9c75-2b6f452d010f,fiqh,q033,What is the ruling on interest (Riba)?,"[""Halal"", ""Haram (forbidden)"", ""Makruh (disliked)"", ""Mubah (permissible)""]",1,Interest (Riba) is strictly forbidden in Islam. The Quran and Hadith clearly prohibit all forms of usury and interest.,33,2026-01-11T09:06:19.169067+00:00
d66f086f-af3e-4497-9f01-b4fef55c2338,fiqh,q034,What is the minimum distance for shortening prayer (Qasr)?,"[""50 km"", ""80 km"", ""90 km"", ""100 km""]",1,"When traveling 80 km or more from home, Muslims may shorten the 4-Rak'ah prayers to 2 Rak'ahs.",34,2026-01-11T09:06:19.169067+00:00
d5490940-7fc8-441c-980a-c8898c87e2f2,fiqh,q035,What is the ruling on combining prayers while traveling?,"[""Not allowed"", ""Allowed (Dhuhr with Asr, Maghrib with Isha)"", ""Only for Hajj"", ""Only for Umrah""]",1,"While traveling, Muslims may combine Dhuhr with Asr, and Maghrib with Isha, performing them at the time of either prayer.",35,2026-01-11T09:06:19.169067+00:00
92981e73-ab58-4fdc-a57f-c0866e079b65,fiqh,q036,What is the ruling on eating meat that is not Halal?,"[""Halal if cooked properly"", ""Haram (forbidden)"", ""Makruh (disliked)"", ""Mubah if no Halal available""]",1,Meat that is not slaughtered according to Islamic guidelines (Halal) is forbidden (Haram) to consume.,36,2026-01-11T09:06:19.169067+00:00
86dd25fa-d478-452b-b24c-6f9f2119591b,fiqh,q037,What is the minimum amount for Zakat on crops?,"[""2.5%"", ""5%"", ""10%"", ""Depends on irrigation method""]",3,"Zakat on crops is 10% if irrigated naturally (rain/rivers) and 5% if irrigated artificially (pumps, etc.).",37,2026-01-11T09:06:19.169067+00:00
ef398510-9411-4340-ae59-31f2e1d0159b,fiqh,q038,What is the ruling on gambling?,"[""Halal"", ""Haram (forbidden)"", ""Makruh (disliked)"", ""Mubah (permissible)""]",1,"Gambling (Maysir) is strictly forbidden in Islam as it involves uncertainty, waste of wealth, and potential harm.",38,2026-01-11T09:06:19.169067+00:00
2400f21b-530b-412c-884b-d1bf9ccff4b4,fiqh,q039,What is the minimum amount for Zakat on livestock?,"[""Varies by animal type"", ""5 camels"", ""30 cattle"", ""40 sheep""]",0,"Zakat on livestock has different Nisab thresholds: 5 camels, 30 cattle, or 40 sheep/goats, each with specific rates.",39,2026-01-11T09:06:19.169067+00:00
69fdc626-cec9-46b7-aba7-9c474088c60f,fiqh,q040,What is the ruling on backbiting (Gheebah)?,"[""Halal"", ""Haram (forbidden)"", ""Makruh (disliked)"", ""Mubah (permissible)""]",1,Backbiting (speaking ill of someone in their absence) is forbidden in Islam and is considered a major sin.,40,2026-01-11T09:06:19.169067+00:00
1ceadee1-9412-4268-9abe-89948a45ecdd,fiqh,q041,What is the ruling on lying?,"[""Halal in some cases"", ""Haram (forbidden)"", ""Makruh (disliked)"", ""Mubah (permissible)""]",1,"Lying is forbidden in Islam, except in very specific circumstances like reconciling between people or during war.",41,2026-01-11T09:06:19.169067+00:00
8c7a427b-1040-4875-b9d3-ef4ba5a34b36,fiqh,q042,What is the ruling on usury (Riba) in business?,"[""Halal"", ""Haram (forbidden)"", ""Makruh (disliked)"", ""Mubah (permissible)""]",1,"All forms of usury and interest are strictly forbidden in Islam, whether in personal loans or business transactions.",42,2026-01-11T09:06:19.169067+00:00
68ac4e8b-8889-4774-afe6-e4cfcfadb2f6,fiqh,q043,What is the ruling on consuming food during fasting hours in Ramadan?,"[""Allowed if sick"", ""Haram (forbidden)"", ""Makruh (disliked)"", ""Mubah (permissible)""]",1,"Intentionally eating or drinking during fasting hours in Ramadan breaks the fast and is forbidden, unless one has a valid excuse.",43,2026-01-11T09:06:19.169067+00:00
eb191e04-d80d-47c0-9f3f-53e231143321,fiqh,q044,What is the ruling on missing prayers intentionally?,"[""Minor sin"", ""Major sin"", ""Not a sin"", ""Depends on the reason""]",1,Intentionally missing prayers without a valid excuse is considered a major sin in Islam.,44,2026-01-11T09:06:19.169067+00:00
e8474b7c-562a-4760-871b-f87140583797,fiqh,q045,What is the ruling on breaking a fast without excuse?,"[""Minor sin"", ""Major sin"", ""Requires make-up only"", ""Requires make-up and expiation""]",3,Breaking a fast in Ramadan without a valid excuse requires making up the missed day and may require expiation (Kaffarah).,45,2026-01-11T09:06:19.169067+00:00
331f8ca0-bf0a-4f3e-a986-9a60de48d248,fiqh,q046,What is the ruling on music in Islam?,"[""All music is Halal"", ""All music is Haram"", ""Depends on content and context"", ""Only instrumental is allowed""]",2,"The ruling on music varies among scholars, but generally depends on the content, context, and whether it leads to sinful behavior.",46,2026-01-11T09:06:19.169067+00:00
2467eb93-47b7-44b2-a2d4-5f909a46b930,fiqh,q047,What is the ruling on images of living beings?,"[""All images are Haram"", ""All images are Halal"", ""Depends on purpose and content"", ""Only photographs are allowed""]",2,"The ruling on images varies, but generally images used for educational purposes or that do not lead to idolatry may be permissible.",47,2026-01-11T09:06:19.169067+00:00
bb76061d-5a44-45a3-b8aa-60444573930a,fiqh,q048,What is the ruling on shaking hands with the opposite gender?,"[""Always Halal"", ""Always Haram"", ""Depends on context and intention"", ""Only with family""]",2,"Shaking hands with non-mahram (non-related) members of the opposite gender is generally not allowed, except in specific circumstances.",48,2026-01-11T09:06:19.169067+00:00
fac7014d-2e68-4f92-ad7b-b48a966724e0,fiqh,q049,What is the ruling on interest-free loans (Qard al-Hasan)?,"[""Haram"", ""Halal and encouraged"", ""Makruh"", ""Mubah""]",1,Interest-free loans (Qard al-Hasan) are Halal and highly encouraged in Islam as a form of charity and helping others.,49,2026-01-11T09:06:19.169067+00:00
e8c413d5-95df-4cc7-a80b-b8128b3dca76,fiqh,q050,What is the ruling on trade and business in Islam?,"[""Discouraged"", ""Encouraged if Halal"", ""Only for necessities"", ""Not allowed""]",1,Trade and business are encouraged in Islam as long as they involve Halal goods and services and follow Islamic business ethics.,50,2026-01-11T09:06:19.169067+00:00
150c4658-8c96-438f-bf95-79cac2626243,prophets,pr22,Which prophet was raised in the palace of Pharaoh?,"[""Moses"", ""Joseph"", ""Abraham"", ""Noah""]",0,Prophet Moses was raised in the palace of Pharaoh.,22,2025-12-01 04:44:35.741911+00
2c33e637-8d70-4a49-ab3f-1481d92dbc47,prophets,pr13,Which prophet was given the Gospel?,"[""Moses"", ""David"", ""Jesus"", ""Muhammad""]",2,Prophet Jesus (Isa) was given the Gospel (Injil).,13,2025-12-01 04:44:35.741911+00
2ecf2017-99ba-4b53-b5e6-df0406515e39,prophets,pr4,Which prophet could speak to animals?,"[""David"", ""Solomon"", ""Moses"", ""Jesus""]",1,Prophet Solomon (Sulaiman) was given the ability to speak to animals.,4,2025-12-01 04:44:35.741911+00
33b7e9d5-1fcb-430c-b1a7-85c79c300e3d,prophets,pr9,Which prophet was sold by his brothers?,"[""Joseph"", ""Moses"", ""Aaron"", ""Isaac""]",0,Prophet Joseph (Yusuf) was sold by his brothers.,9,2025-12-01 04:44:35.741911+00
5334a9ae-1ee6-48ca-ad48-b3aeab4cfd9d,prophets,pr17,Which prophet was a king?,"[""David"", ""Moses"", ""Abraham"", ""Noah""]",0,Prophet David (Dawud) was a king.,17,2025-12-01 04:44:35.741911+00
612d4bc3-ef3e-41c2-ae8b-c0ad7769d5e5,prophets,pr3,Which prophet was swallowed by a whale?,"[""Jonah"", ""Moses"", ""Joseph"", ""Solomon""]",0,Prophet Jonah (Yunus) was swallowed by a whale.,3,2025-12-01 04:44:35.741911+00
66007568-678f-47e1-96b7-02654502124f,prophets,pr14,Who was the father of Prophet Ismail?,"[""Noah"", ""Abraham"", ""Isaac"", ""Jacob""]",1,Prophet Abraham was the father of Ismail.,14,2025-12-01 04:44:35.741911+00
701e95b4-528a-45d4-9e4a-6795a44769e9,prophets,pr1,Who was the first prophet in Islam?,"[""Noah"", ""Adam"", ""Abraham"", ""Moses""]",1,Adam (peace be upon him) was the first prophet and the first human.,1,2025-12-01 04:44:35.741911+00
7b1d60bb-0ca9-4b5f-aeeb-beb0eaf3f98b,prophets,pr16,Which prophet was known for his patience?,"[""Job"", ""Moses"", ""Abraham"", ""Noah""]",0,Prophet Job (Ayyub) was known for his patience.,16,2025-12-01 04:44:35.741911+00
7feabcff-c8ba-4036-8be0-701cfe301753,prophets,pr5,Who is known as the friend of Allah?,"[""Moses"", ""Abraham"", ""Noah"", ""Muhammad""]",1,Prophet Abraham (Ibrahim) is known as Khalilullah (the friend of Allah).,5,2025-12-01 04:44:35.741911+00
8db766c8-2e4e-4f2a-9cf2-af524a2fd49b,prophets,pr24,Which prophet was the grandfather of Prophet Jacob?,"[""Abraham"", ""Isaac"", ""Noah"", ""Moses""]",0,Prophet Abraham was the grandfather of Jacob.,24,2025-12-01 04:44:35.741911+00
9ea00f24-2d7e-4164-90ab-16557778cfeb,prophets,pr8,Which prophet built the Ark?,"[""Noah"", ""Abraham"", ""Moses"", ""David""]",0,Prophet Noah built the Ark.,8,2025-12-01 04:44:35.741911+00
9f1d4aea-01ea-495c-aeec-772bec683f82,prophets,pr11,Which prophet was given the Psalms?,"[""Moses"", ""David"", ""Solomon"", ""Jesus""]",1,Prophet David (Dawud) was given the Psalms (Zabur).,11,2025-12-01 04:44:35.741911+00
adb27a43-6ae0-4fd9-8481-924197469ac9,prophets,pr20,Which prophet was known for his wisdom?,"[""Solomon"", ""Moses"", ""Abraham"", ""Noah""]",0,Prophet Solomon (Sulaiman) was known for his wisdom.,20,2025-12-01 04:44:35.741911+00
b052e305-6abb-47bc-ab51-b514eba94089,prophets,pr21,Who was the brother of Prophet Moses?,"[""Aaron"", ""Abraham"", ""Isaac"", ""Jacob""]",0,Prophet Aaron (Harun) was the brother of Moses.,21,2025-12-01 04:44:35.741911+00
b68854f3-a3cd-4c75-ab59-bfcf1c29cdd5,prophets,pr23,Which prophet interpreted dreams?,"[""Joseph"", ""Moses"", ""Abraham"", ""Noah""]",0,Prophet Joseph (Yusuf) was known for interpreting dreams.,23,2025-12-01 04:44:35.741911+00
bb67fa55-ca3d-4797-9ca3-22d3297d8acf,prophets,pr25,Which prophet was the father of Prophet Jacob?,"[""Abraham"", ""Isaac"", ""Noah"", ""Moses""]",1,Prophet Isaac was the father of Jacob.,25,2025-12-01 04:44:35.741911+00
c79d4b07-7e96-47da-b0f5-36c7a159a502,prophets,pr19,Which prophet was saved from the fire?,"[""Abraham"", ""Moses"", ""Noah"", ""Lot""]",0,Prophet Abraham was saved from the fire by Allah.,19,2025-12-01 04:44:35.741911+00
d4dbbdab-7d48-4874-a32c-a290e9088cae,prophets,pr7,Which prophet parted the sea?,"[""Moses"", ""Noah"", ""Abraham"", ""Jesus""]",0,Prophet Moses parted the Red Sea.,7,2025-12-01 04:44:35.741911+00
d9fc0913-567b-4f24-8f94-98169ffda8d9,prophets,pr10,Which prophet was born without a father?,"[""Adam"", ""Jesus"", ""John"", ""Isaac""]",1,Prophet Jesus (Isa) was born without a father.,10,2025-12-01 04:44:35.741911+00
df23d9f0-06b0-421c-9277-cdae333f091c,prophets,pr6,Which prophet was thrown into a fire?,"[""Moses"", ""Abraham"", ""Noah"", ""Lot""]",1,Prophet Abraham was thrown into a fire by Nimrod.,6,2025-12-01 04:44:35.741911+00
e7371ed5-e3bb-4b2b-8187-85f64c8db589,prophets,pr12,Which prophet was given the Torah?,"[""Moses"", ""Abraham"", ""David"", ""Jesus""]",0,Prophet Moses (Musa) was given the Torah.,12,2025-12-01 04:44:35.741911+00
e7dc3252-e109-4030-aeef-a9bf53c2add8,prophets,pr2,Which prophet built the Kaaba?,"[""Adam"", ""Noah"", ""Abraham"", ""Moses""]",2,Prophet Abraham (Ibrahim) and his son Ismail built the Kaaba.,2,2025-12-01 04:44:35.741911+00
e7dd2e4c-966a-4d41-abcc-85290e41f0bb,prophets,pr18,Which prophet had control over the wind?,"[""Moses"", ""Solomon"", ""David"", ""Jesus""]",1,Prophet Solomon had control over the wind.,18,2025-12-01 04:44:35.741911+00
ed030497-438b-4efc-8977-50b4318e04ca,prophets,pr15,Who was the father of Prophet Isaac?,"[""Noah"", ""Abraham"", ""Jacob"", ""Joseph""]",1,Prophet Abraham was the father of Isaac.,15,2025-12-01 04:44:35.741911+00
871b094e-ac96-4a06-a650-3ca118050637,prophets,q026,Which prophet was raised in the palace of Pharaoh?,"[""Moses"", ""Joseph"", ""Abraham"", ""Noah""]",0,Prophet Moses was raised in the palace of Pharaoh after being found in the river.,26,2026-01-11T09:06:19.169067+00:00
5fddf963-907e-4377-9ebc-096e9444c0b8,prophets,q027,Which prophet was known for his patience and was thrown into a well by his brothers?,"[""Moses"", ""Joseph"", ""Abraham"", ""Noah""]",1,"Prophet Joseph (Yusuf) was thrown into a well by his brothers out of jealousy, but he remained patient and was eventually elevated to a high position.",27,2026-01-11T09:06:19.169067+00:00
dd5b6d36-5baa-40f9-a60a-7b435b0eb448,prophets,q028,Which prophet built the Ark?,"[""Moses"", ""Joseph"", ""Abraham"", ""Noah""]",3,Prophet Noah built the Ark as commanded by Allah to save the believers from the flood.,28,2026-01-11T09:06:19.169067+00:00
8a5569e0-9729-4c8f-a559-96b32e47a2b1,prophets,q029,"Which prophet is known as the ""Friend of Allah"" (Khalilullah)?","[""Moses"", ""Joseph"", ""Abraham"", ""Noah""]",2,"Prophet Abraham (Ibrahim) is known as ""Khalilullah"" (Friend of Allah) for his unwavering faith and obedience.",29,2026-01-11T09:06:19.169067+00:00
a9bdfd2f-522b-4884-bff7-33961e8c1f3f,prophets,q030,"Which prophet was given the title ""Messenger to the Children of Israel""?","[""Moses"", ""Jesus"", ""David"", ""Solomon""]",0,Prophet Moses was sent to the Children of Israel to guide them and deliver them from Pharaoh's oppression.,30,2026-01-11T09:06:19.169067+00:00
debc17e1-25a6-4f83-bf61-50ad6e658062,prophets,q031,Which prophet was given the ability to understand the language of animals?,"[""Moses"", ""Joseph"", ""Solomon"", ""David""]",2,"Prophet Solomon (Sulaiman) was given the ability to understand and communicate with animals, birds, and jinn.",31,2026-01-11T09:06:19.169067+00:00
a0540da1-a034-4f59-9f0a-729bf2b42ccf,prophets,q032,"Which prophet is known as the ""Seal of the Prophets""?","[""Moses"", ""Jesus"", ""Muhammad"", ""Abraham""]",2,"Prophet Muhammad (peace be upon him) is known as ""Khatam an-Nabiyyin"" (Seal of the Prophets), the final prophet sent to all of humanity.",32,2026-01-11T09:06:19.169067+00:00
3facf072-e677-446e-8c37-c8c913cae19d,prophets,q033,Which prophet was known for his beautiful voice and recitation of the Psalms?,"[""Moses"", ""David"", ""Solomon"", ""Jesus""]",1,Prophet David (Dawud) was given a beautiful voice and the Psalms (Zabur) to recite.,33,2026-01-11T09:06:19.169067+00:00
5701ed7f-cabb-4ef5-9ad6-5fe5259d716b,prophets,q034,Which prophet was born without a father?,"[""Moses"", ""Jesus"", ""John"", ""Isaac""]",1,"Prophet Jesus (Isa) was born to Mary (Maryam) without a father, as a miracle from Allah.",34,2026-01-11T09:06:19.169067+00:00
fd536d66-f9f3-42a9-9db2-a79792fdd3d6,prophets,q035,"Which prophet was known as ""The Patient One"" (As-Sabur)?","[""Job"", ""Joseph"", ""Noah"", ""Abraham""]",0,Prophet Job (Ayyub) is known for his extreme patience during his trials and tribulations.,35,2026-01-11T09:06:19.169067+00:00
a2f9c5a3-56da-4041-b386-1771ebcebfdd,prophets,q036,Which prophet was swallowed by a whale?,"[""Moses"", ""Jonah"", ""Noah"", ""Solomon""]",1,"Prophet Jonah (Yunus) was swallowed by a whale after leaving his people, but he repented and was saved.",36,2026-01-11T09:06:19.169067+00:00
8149ce5f-fe58-486c-a395-1c813d9a860a,prophets,q037,"Which prophet is known as the ""Father of Prophets""?","[""Moses"", ""Joseph"", ""Abraham"", ""Noah""]",2,"Prophet Abraham is called the ""Father of Prophets"" because many prophets, including Isaac, Ishmael, and their descendants, came from his lineage.",37,2026-01-11T09:06:19.169067+00:00
06e66ade-7946-450a-9c91-af1606286fe1,prophets,q038,Which prophet was given the ability to bring the dead back to life?,"[""Moses"", ""Jesus"", ""Solomon"", ""David""]",1,"Prophet Jesus was given the ability, by Allah's permission, to bring the dead back to life as one of his miracles.",38,2026-01-11T09:06:19.169067+00:00
616b6163-f54b-40b2-a27b-b4368530f3e2,prophets,q039,Which prophet built the Kaaba with his son?,"[""Moses"", ""Joseph"", ""Abraham"", ""Noah""]",2,Prophet Abraham and his son Ishmael built the Kaaba in Mecca as a house of worship for Allah.,39,2026-01-11T09:06:19.169067+00:00
4f1902cd-84e6-4659-8db0-e7b57104f2e7,prophets,q040,Which prophet was known for his wisdom and ability to judge between people?,"[""Moses"", ""David"", ""Solomon"", ""Joseph""]",2,"Prophet Solomon was known for his great wisdom and ability to make just judgments, as demonstrated in the story of the two women and the child.",40,2026-01-11T09:06:19.169067+00:00
fb583110-6b0b-4f31-ae18-3185bb208781,prophets,q041,"Which prophet was known as ""The Chosen One"" (Al-Mustafa)?","[""Moses"", ""Jesus"", ""Muhammad"", ""Abraham""]",2,"Prophet Muhammad (peace be upon him) is known as ""Al-Mustafa"" (The Chosen One) as he was chosen by Allah to deliver the final message.",41,2026-01-11T09:06:19.169067+00:00
8200ccfa-c8ac-489e-8348-cf99861d7c0a,prophets,q042,Which prophet was given the Tablets (Law)?,"[""Moses"", ""David"", ""Solomon"", ""Jesus""]",0,Prophet Moses was given the Tablets containing the Law (Torah) on Mount Sinai.,42,2026-01-11T09:06:19.169067+00:00
a7c2e4a1-16aa-4618-8eb1-bf98e500b39e,prophets,q043,Which prophet was known for his ability to interpret dreams?,"[""Moses"", ""Joseph"", ""Solomon"", ""David""]",1,"Prophet Joseph was given the ability to interpret dreams, which eventually led to his position of authority in Egypt.",43,2026-01-11T09:06:19.169067+00:00
4a5f324b-b4e9-488d-aaca-8be89557e610,prophets,q044,Which prophet is mentioned most frequently in the Quran?,"[""Moses"", ""Abraham"", ""Noah"", ""Muhammad""]",0,"Prophet Moses is mentioned most frequently in the Quran, appearing in numerous chapters and stories.",44,2026-01-11T09:06:19.169067+00:00
443f5d2a-72a0-4dc2-a3f4-9584d1ab06e8,prophets,q045,"Which prophet was known as ""The Messenger of Glad Tidings""?","[""Moses"", ""Jesus"", ""Muhammad"", ""Noah""]",2,"Prophet Muhammad (peace be upon him) is known as the ""Messenger of Glad Tidings"" for bringing the message of Islam.",45,2026-01-11T09:06:19.169067+00:00
a41b9341-6ceb-4192-8435-d5a8146bbf47,prophets,q046,Which prophet was given the ability to control the wind?,"[""Moses"", ""Solomon"", ""Noah"", ""Abraham""]",1,"Prophet Solomon was given control over the wind, which would carry him and his armies great distances.",46,2026-01-11T09:06:19.169067+00:00
69344c65-42c8-4729-81bd-8ddba9265709,prophets,q047,Which prophet was known for his beautiful recitation of the Quran?,"[""Moses"", ""David"", ""Muhammad"", ""Jesus""]",2,Prophet Muhammad (peace be upon him) had a beautiful voice and was known for his excellent recitation of the Quran.,47,2026-01-11T09:06:19.169067+00:00
cc9be8c3-f5e4-42f8-ae4e-809e252e81f0,prophets,q048,Which prophet was given the ability to make iron soft?,"[""Moses"", ""David"", ""Solomon"", ""Joseph""]",1,"Prophet David was given the ability to make iron soft with his hands, allowing him to create armor and tools.",48,2026-01-11T09:06:19.169067+00:00
1badc62c-8376-433f-b0d0-0403ff9476dd,prophets,q049,"Which prophet was known as ""The Trustworthy"" (Al-Amin)?","[""Moses"", ""Jesus"", ""Muhammad"", ""Abraham""]",2,"Prophet Muhammad (peace be upon him) was known as ""Al-Amin"" (The Trustworthy) even before his prophethood due to his honesty and integrity.",49,2026-01-11T09:06:19.169067+00:00
426a2e60-64dd-4224-bb04-da391384c55e,prophets,q050,Which prophet was given the ability to split the sea?,"[""Moses"", ""Noah"", ""Solomon"", ""David""]",0,Prophet Moses was given the miracle of splitting the Red Sea to allow the Children of Israel to escape from Pharaoh.,50,2026-01-11T09:06:19.169067+00:00
